"Uberstrain","Name","Data.Source.Accession.No..Sequencing.Platform.Sequencing.Library.Insert.Size.Experiment.Status.","Source.Niche","Source.Type","Source.Details","Collection.Year","Collection.Month","Collection.Day","Collection.Time","Continent","Country","Region","District","City","Post.Code","Latitude","Longitude","Lab.Contact","Species","Serological.Group","Serotype","EcoR.Cluster","Path.Nonpath","Simple.Patho","Simple.Disease","Comment","Bio.Project.ID","Project.ID","Disease","Sample.ID","Secondary.Sample.ID","Date.Entered","Release.Date","Barcode","Differences","ST","ST.Complex","Lineage","Subspecies","adk","fumC","gyrB","icd","mdh","purA","recA"
"ESC_AA0326AA","IC727","traces-0WwmcPF;7GeneMLST;ND;;NA;Legacy","","Human","",2011,NA,NA,NA,"Europe","Romania","","","Bucharest",NA,NA,NA,"Molecular Epidemiology Laboratory, Cantacuzino NIRDMI","","","","A","","ExPEC","None","",NA,NA,"Bacteremia",NA,NA,"2015-08-26","2015-08-26","ESC_AA0326AA",NA,10,"ST10 Cplx","A",NA,10,11,4,8,8,8,2
"ESC_AA1752AA","IC565","traces-0wMGryZ;7GeneMLST;ND;;NA;Legacy","","Human","",2011,NA,NA,NA,"Europe","Romania","","","Bucharest",NA,NA,NA,"Molecular Epidemiology Laboratory, Cantacuzino NIRDMI","","","","B2","","ESBL CTX-M-15","None","",NA,NA,"Bacteremia",NA,NA,"2015-08-26","2015-08-26","ESC_AA1752AA",NA,131,"ST131 Cplx","B2",NA,53,40,47,13,36,28,29
"ESC_AA1780AA","IC1507","traces-0UfsImM;7GeneMLST;ND;;NA;Legacy","","Human","",2010,NA,NA,NA,"Europe","Romania","","","Bucharest",NA,NA,NA,"Molecular Epidemiology Laboratory, Cantacuzino NIRDMI","","","","B2","","ESBL CTX-M-15","None","",NA,NA,"Bacteremia",NA,NA,"2015-08-26","2015-08-26","ESC_AA1780AA",NA,131,"ST131 Cplx","B2",NA,53,40,47,13,36,28,29
"ESC_AA1796AA","IC1604","traces-0jORxmt;7GeneMLST;ND;;NA;Legacy","","Human","",2011,NA,NA,NA,"Europe","Romania","","","Bucharest",NA,NA,NA,"Molecular Epidemiology Laboratory, Cantacuzino NIRDMI","","","","B2","","ESBL CTX-M-15","None","",NA,NA,"Bacteremia",NA,NA,"2015-08-26","2015-08-26","ESC_AA1796AA",NA,131,"ST131 Cplx","B2",NA,53,40,47,13,36,28,29
"ESC_AA1842AA","IC866","traces-0AZvNga;7GeneMLST;ND;;NA;Legacy","","Human","",2010,NA,NA,NA,"Europe","Romania","","","Bucharest",NA,NA,NA,"Molecular Epidemiology Laboratory, Cantacuzino NIRDMI","","","","B2","","ESBL CTX-M-15","None","",NA,NA,"Bacteremia",NA,NA,"2015-08-26","2015-08-26","ESC_AA1842AA",NA,131,"ST131 Cplx","B2",NA,53,40,47,13,36,28,29
"ESC_AA2085AA","Ec1466","traces-0QnhyNl;7GeneMLST;ND;;NA;Legacy","","Human","Human",2011,NA,NA,NA,"Europe","Romania","","","Bucharest",NA,NA,NA,"Molecular Epidemiology Laboratory, Cantacuzino NIRDMI","","","","A","Pathogen","ExPEC","blood culture","",NA,NA,"Bacteremia",NA,NA,"2015-08-26","2015-08-26","ESC_AA2085AA",NA,167,"ST10 Cplx","A",NA,10,11,4,8,8,13,2
"ESC_AA2806AA","Ec992","traces-0WzZYXC;7GeneMLST;ND;;NA;Legacy","","Human","Human",2010,NA,NA,NA,"Europe","Romania","","","Bucharest",NA,NA,NA,"Molecular Epidemiology Laboratory, Cantacuzino NIRDMI","","","","A","Pathogenic","ExPEC","blood culture","",NA,NA,"Bacteremia",NA,NA,"2015-08-26","2015-08-26","ESC_AA2806AA",NA,410,"ST23 Cplx","",NA,6,4,12,1,20,18,7
"ESC_AA3020AA","IC511","traces-0GWdMMX;7GeneMLST;ND;;NA;Legacy","","Human","Human",2010,NA,NA,NA,"Europe","Romania","","","Bucharest",NA,NA,NA,"Molecular Epidemiology Laboratory, Cantacuzino NIRDMI","","","","A","","","None","",NA,NA,"Bacteremia",NA,NA,"2015-08-26","2015-08-26","ESC_AA3020AA",NA,540,"","AxB1",NA,6,7,57,1,8,8,2
"ESC_AA4404AA","IC631","traces-0pTdotT;7GeneMLST;ND;;NA;Legacy","","Human","",2011,NA,NA,NA,"Europe","Romania","","","Bucharest",NA,NA,NA,"Molecular Epidemiology Laboratory, Cantacuzino NIRDMI","","","","B1","","ESBL CTX-M-15","None","",NA,NA,"Bacteremia",NA,NA,"2015-08-26","2015-08-26","ESC_AA4404AA",NA,1725,"ST23 Cplx","",NA,6,4,14,1,20,8,7
"ESC_CA6218AA","CIP55.137","ERR1014531;ILLUMINA;Paired;138;ERX1093591;SRA","Human","Human","Human",1935,NA,NA,NA,"Europe","Romania ","Bucharest","","",NA,NA,NA,"F.X.Weill, Institut Pasteur","Shigella dysenteriae","","Sd1","","","","","Lineage II","PRJEB10304","ERP011535","","SAMEA3539387","ERS846536","2016-02-12","2016-02-12","ESC_CA6218AA",NA,260,"","ABD",NA,2,79,59,2,2,2,2
"ESC_CA6536AA","CIP55.90","ERR1013764;ILLUMINA;Paired;138;ERX1092788;SRA","Human","Human","Human",1935,NA,NA,NA,"Europe","Romania ","Bucharest","","",NA,NA,NA,"F.X.Weill, Institut Pasteur","Shigella dysenteriae","","Sd1","","","","","Lineage II","PRJEB10304","ERP011535","","SAMEA3535189","ERS842338","2016-02-12","2016-02-12","ESC_CA6536AA",NA,260,"","ABD",NA,2,79,59,2,2,2,2
"ESC_FA5543AA","DTU2016_512_PRJ1050_enterobakterie_coli_13343_1_2SM_EC","ERR1759172;ILLUMINA;Paired;242;ERX1825686;SRA","","","",2014,NA,NA,NA,"Europe","Romania","","","",NA,45.9432,24.9668,"Centre for Genomic Epidemiology, National Food Institute, Technical University of Denmark (DTU), Denmark","Escherichia coli","","","","","","","","PRJEB18618","ERP020561","","SAMEA26839168","ERS1473900","2016-12-16","2016-12-15","ESC_FA5543AA",NA,57,"ST350 Cplx","AxB1",NA,6,31,5,28,1,1,2
"ESC_FA5544AA","DTU2016_511_PRJ1050_ESchericha_coli_11559_2_VS_EC","ERR1759171;ILLUMINA;Paired;246;ERX1825685;SRA","","","",2014,NA,NA,NA,"Europe","Romania","","","",NA,45.9432,24.9668,"Centre for Genomic Epidemiology, National Food Institute, Technical University of Denmark (DTU), Denmark","Escherichia coli","","","","","","","","PRJEB18618","ERP020561","","SAMEA26838418","ERS1473899","2016-12-16","2016-12-15","ESC_FA5544AA",NA,226,"ST226 Cplx","A",NA,10,27,5,8,8,7,2
"ESC_FA5545AA","DTU2015_1248_PRJ1050_coli_E.coli_11279_1_VS_EC","ERR1759170;ILLUMINA;Paired;270;ERX1825684;SRA","","","",2014,NA,NA,NA,"Europe","Romania","","","",NA,45.9432,24.9668,"Centre for Genomic Epidemiology, National Food Institute, Technical University of Denmark (DTU), Denmark","Escherichia coli","","","","","","","","PRJEB18618","ERP020561","","SAMEA26837668","ERS1473898","2016-12-16","2016-12-15","ESC_FA5545AA",NA,155,"ST155 Cplx","B1",NA,6,4,14,16,24,8,14
"ESC_FA5546AA","DTU2016_510_PRJ1050_ESchericha_coli_10904_2_VS_EC","ERR1759169;ILLUMINA;Paired;241;ERX1825683;SRA","","","",2014,NA,NA,NA,"Europe","Romania","","","",NA,45.9432,24.9668,"Centre for Genomic Epidemiology, National Food Institute, Technical University of Denmark (DTU), Denmark","Escherichia coli","","","","","","","","PRJEB18618","ERP020561","","SAMEA26836918","ERS1473897","2016-12-16","2016-12-15","ESC_FA5546AA",NA,349,"ST349 Cplx","",NA,34,36,39,87,67,16,4
"ESC_FA5547AA","DTU2016_509_PRJ1050_ESchericha_coli_10579_1_VS_EC","ERR1759168;ILLUMINA;Paired;231;ERX1825682;SRA","","","",2014,NA,NA,NA,"Europe","Romania","","","",NA,45.9432,24.9668,"Centre for Genomic Epidemiology, National Food Institute, Technical University of Denmark (DTU), Denmark","Escherichia coli","","","","","","","","PRJEB18618","ERP020561","","SAMEA26836168","ERS1473896","2016-12-16","2016-12-15","ESC_FA5547AA",NA,453,"ST86 Cplx","",NA,99,6,33,33,24,8,7
"ESC_GA7482AA","PR-IISPV-25080","ERR2019231;ILLUMINA;Paired;300;ERX2078483;SRA","Livestock","Swine","Sus scrofa domesticus; fresh meat",2015,NA,NA,NA,"Europe","Romania","","","",NA,45.943171,24.96677,"Centre for Genomic Epidemiology, National Food Institute, Technical University of Denmark (DTU), Denmark","Escherichia coli","","","","","","","","PRJEB21546","ERP023807","","SAMEA104142950","ERS1801968","2017-06-30","2017-06-29","ESC_GA7482AA",NA,34,"ST10 Cplx","A",NA,10,11,4,1,8,8,2
"ESC_GA7483AA","PR-IISPV-23329","ERR2019230;ILLUMINA;Paired;300;ERX2078482;SRA","Livestock","Bovine","Bos taurus; fresh meat",2015,NA,NA,NA,"Europe","Romania","","","",NA,45.94317,24.966769,"Centre for Genomic Epidemiology, National Food Institute, Technical University of Denmark (DTU), Denmark","Escherichia coli","","","","","","","","PRJEB21546","ERP023807","","SAMEA104142949","ERS1801967","2017-06-30","2017-06-29","ESC_GA7483AA",NA,410,"ST23 Cplx","",NA,6,4,12,1,20,18,7
"ESC_GA7484AA","13704-2 DB","ERR2019229;ILLUMINA;Paired;505;ERX2078481;SRA","Livestock","Swine","Sus scrofa domesticus; Fattening pig caecal sample",2015,NA,NA,NA,"Europe","Romania","","","",NA,45.943169,24.966768,"Centre for Genomic Epidemiology, National Food Institute, Technical University of Denmark (DTU), Denmark","Escherichia coli","","","","","","","","PRJEB21546","ERP023807","","SAMEA104142948","ERS1801966","2017-06-30","2017-06-29","ESC_GA7484AA",NA,23,"ST23 Cplx","B1",NA,6,4,12,1,20,13,7
"ESC_GA7485AA","13266-2IDSA","ERR2019228;ILLUMINA;Paired;404;ERX2078480;SRA","Livestock","Swine","Sus scrofa domesticus; Fattening pig caecal sample",2015,NA,NA,NA,"Europe","Romania","","","",NA,45.943168,24.966767,"Centre for Genomic Epidemiology, National Food Institute, Technical University of Denmark (DTU), Denmark","Escherichia coli","","","","","","","","PRJEB21546","ERP023807","","SAMEA104142947","ERS1801965","2017-06-30","2017-06-29","ESC_GA7485AA",NA,410,"ST23 Cplx","",NA,6,4,12,1,20,18,7
"ESC_GA7486AA","13205-2IDSA","ERR2019227;ILLUMINA;Paired;689;ERX2078479;SRA","Livestock","Swine","Sus scrofa domesticus; Fattening pig caecal sample",2015,NA,NA,NA,"Europe","Romania","","","",NA,45.943167,24.966766,"Centre for Genomic Epidemiology, National Food Institute, Technical University of Denmark (DTU), Denmark","Escherichia coli","","","","","","","","PRJEB21546","ERP023807","","SAMEA104142946","ERS1801964","2017-06-30","2017-06-29","ESC_GA7486AA",NA,117,"","ABD",NA,20,45,41,43,5,32,2
"ESC_GA7487AA","13029-2 MS","ERR2019226;ILLUMINA;Paired;393;ERX2078478;SRA","Livestock","Swine","Sus scrofa domesticus; Fattening pig caecal sample",2015,NA,NA,NA,"Europe","Romania","","","",NA,45.943166,24.966765,"Centre for Genomic Epidemiology, National Food Institute, Technical University of Denmark (DTU), Denmark","Escherichia coli","","","","","","","","PRJEB21546","ERP023807","","SAMEA104142945","ERS1801963","2017-06-30","2017-06-29","ESC_GA7487AA",NA,155,"ST155 Cplx","B1",NA,6,4,14,16,24,8,14
"ESC_GA7488AA","12976-2 DB","ERR2019225;ILLUMINA;Paired;480;ERX2078477;SRA","Livestock","Swine","Sus scrofa domesticus; Fattening pig caecal sample",2015,NA,NA,NA,"Europe","Romania","","","",NA,45.943165,24.966764,"Centre for Genomic Epidemiology, National Food Institute, Technical University of Denmark (DTU), Denmark","Escherichia coli","","","","","","","","PRJEB21546","ERP023807","","SAMEA104142944","ERS1801962","2017-06-30","2017-06-29","ESC_GA7488AA",NA,3052,"ST38 Cplx","",NA,4,26,2,25,5,267,19
"ESC_GA7489AA","12557-2IDSA","ERR2019224;ILLUMINA;Paired;372;ERX2078476;SRA","Livestock","Swine","Sus scrofa domesticus; Fattening pig caecal sample",2015,NA,NA,NA,"Europe","Romania","","","",NA,45.943164,24.966763,"Centre for Genomic Epidemiology, National Food Institute, Technical University of Denmark (DTU), Denmark","Escherichia coli","","","","","","","","PRJEB21546","ERP023807","","SAMEA104142943","ERS1801961","2017-06-30","2017-06-29","ESC_GA7489AA",NA,1011,"","",NA,6,4,159,44,112,1,17
"ESC_GA7490AA","12321-1IDSA","ERR2019223;ILLUMINA;Paired;170;ERX2078475;SRA","Livestock","Swine","Sus scrofa domesticus; Fattening pig caecal sample",2015,NA,NA,NA,"Europe","Romania","","","",NA,45.943163,24.966762,"Centre for Genomic Epidemiology, National Food Institute, Technical University of Denmark (DTU), Denmark","Escherichia coli","","","","","","","","PRJEB21546","ERP023807","","SAMEA104142942","ERS1801960","2017-06-30","2017-06-29","ESC_GA7490AA",NA,117,"","ABD",NA,20,45,41,43,5,32,2
"ESC_GA7491AA","12309--2IDSA","ERR2019222;ILLUMINA;Paired;785;ERX2078474;SRA","Livestock","Swine","Sus scrofa domesticus; Fattening pig caecal sample",2015,NA,NA,NA,"Europe","Romania","","","",NA,45.943162,24.966761,"Centre for Genomic Epidemiology, National Food Institute, Technical University of Denmark (DTU), Denmark","Escherichia coli","","","","","","","","PRJEB21546","ERP023807","","SAMEA104142941","ERS1801959","2017-06-30","2017-06-29","ESC_GA7491AA",NA,117,"","ABD",NA,20,45,41,43,5,32,2
"ESC_GA7492AA","12078-2MS","ERR2019221;ILLUMINA;Paired;565;ERX2078473;SRA","Livestock","Swine","Sus scrofa domesticus; Fattening pig caecal sample",2015,NA,NA,NA,"Europe","Romania","","","",NA,45.943161,24.96676,"Centre for Genomic Epidemiology, National Food Institute, Technical University of Denmark (DTU), Denmark","Escherichia coli","","","","","","","","PRJEB21546","ERP023807","","SAMEA104142940","ERS1801958","2017-06-30","2017-06-29","ESC_GA7492AA",NA,205,"ST205 Cplx","B1",NA,6,23,15,16,9,8,7
"ESC_NA7389AA","Liv30MA","traces-0TQIEBo;ILLUMINA;Paired;;NA;Uploaded","Food","Poultry","Chicken",2011,NA,NA,NA,"Europe","Romania","","","",NA,NA,NA,"University of Technology, Sydney","","","","","","","","","","","","","","2019-08-13","2020-08-19","ESC_NA7389AA",NA,744,"ST10 Cplx","",NA,10,11,135,8,8,8,2
"ESC_NA7390AA","Liv30","traces-0DXvgtC;ILLUMINA;Paired;;NA;Uploaded","Food","Poultry","Chicken",2011,NA,NA,NA,"Europe","Romania","","","",NA,NA,NA,"University of Technology, Sydney","","","","","","","","","","","","","","2019-08-13","2020-08-19","ESC_NA7390AA",NA,57,"ST350 Cplx","AxB1",NA,6,31,5,28,1,1,2
"ESC_NA7391AA","Liv30MB","traces-0nujfWe;ILLUMINA;Paired;;NA;Uploaded","Food","Poultry","Chicken",2011,NA,NA,NA,"Europe","Romania","","","",NA,NA,NA,"University of Technology, Sydney","","","","","","","","","","","","","","2019-08-13","2020-08-19","ESC_NA7391AA",NA,156,"ST156 Cplx","AxB1",NA,6,29,32,16,11,8,44
"ESC_NA7392AA","Liv40","traces-0gcGCoN;ILLUMINA;Paired;;NA;Uploaded","Food","Poultry","Chicken",2011,NA,NA,NA,"Europe","Romania","","","",NA,NA,NA,"University of Technology, Sydney","","","","","","","","","","","","","","2019-08-13","2020-08-19","ESC_NA7392AA",NA,156,"ST156 Cplx","AxB1",NA,6,29,32,16,11,8,44
"ESC_NA7400AA","Liv37M","traces-0IXTsfU;ILLUMINA;Paired;;NA;Uploaded","Food","Poultry","Chicken",2011,NA,NA,NA,"Europe","Romania","","","",NA,NA,NA,"University of Technology, Sydney","","","","","","","","","","","","","","2019-08-13","2020-08-19","ESC_NA7400AA",NA,10,"ST10 Cplx","A",NA,10,11,4,8,8,8,2
"ESC_NA7402AA","Liv43M","traces-0HmkkEc;ILLUMINA;Paired;;NA;Uploaded","Food","Poultry","Chicken",2011,NA,NA,NA,"Europe","Romania","","","",NA,NA,NA,"University of Technology, Sydney","","","","","","","","","","","","","","2019-08-13","2020-08-19","ESC_NA7402AA",NA,744,"ST10 Cplx","",NA,10,11,135,8,8,8,2
"ESC_NA7403AA","Liv53M","traces-0BXysQo;ILLUMINA;Paired;;NA;Uploaded","Food","Poultry","Chicken",2011,NA,NA,NA,"Europe","Romania","","","",NA,NA,NA,"University of Technology, Sydney","","","","","","","","","","","","","","2019-08-13","2020-08-19","ESC_NA7403AA",NA,744,"ST10 Cplx","",NA,10,11,135,8,8,8,2
"ESC_NA7404AA","Liv67","traces-0juAtLb;ILLUMINA;Paired;;NA;Uploaded","Food","Poultry","Chicken",2011,NA,NA,NA,"Europe","Romania","","","",NA,NA,NA,"University of Technology, Sydney","","","","","","","","","","","","","","2019-08-13","2020-08-19","ESC_NA7404AA",NA,744,"ST10 Cplx","",NA,10,11,135,8,8,8,2
"ESC_NA7405AA","Liv79MB","traces-0SUsTSH;ILLUMINA;Paired;;NA;Uploaded","Food","Poultry","Chicken",2011,NA,NA,NA,"Europe","Romania","","","",NA,NA,NA,"University of Technology, Sydney","","","","","","","","","","","","","","2019-08-13","2020-08-19","ESC_NA7405AA",NA,57,"ST350 Cplx","AxB1",NA,6,31,5,28,1,1,2
"ESC_NA7406AA","Liv95","traces-0IPRYNN;ILLUMINA;Paired;;NA;Uploaded","Food","Poultry","Chicken",2011,NA,NA,NA,"Europe","Romania","","","",NA,NA,NA,"University of Technology, Sydney","","","","","","","","","","","","","","2019-08-13","2020-08-19","ESC_NA7406AA",NA,744,"ST10 Cplx","",NA,10,11,135,8,8,8,2
"ESC_NA7407AA","Liv95M","traces-0yiioJv;ILLUMINA;Paired;;NA;Uploaded","Food","Poultry","Chicken",2011,NA,NA,NA,"Europe","Romania","","","",NA,NA,NA,"University of Technology, Sydney","","","","","","","","","","","","","","2019-08-13","2020-08-19","ESC_NA7407AA",NA,57,"ST350 Cplx","AxB1",NA,6,31,5,28,1,1,2
"ESC_NA7408AA","Liv96MA","traces-0LmgqYa;ILLUMINA;Paired;;NA;Uploaded","Food","Poultry","Chicken",2011,NA,NA,NA,"Europe","Romania","","","",NA,NA,NA,"University of Technology, Sydney","","","","","","","","","","","","","","2019-08-13","2020-08-19","ESC_NA7408AA",NA,57,"ST350 Cplx","AxB1",NA,6,31,5,28,1,1,2
"ESC_NA7409AA","Liv111","traces-0opzLFz;ILLUMINA;Paired;;NA;Uploaded","Food","Poultry","Chicken",2011,NA,NA,NA,"Europe","Romania","","","",NA,NA,NA,"University of Technology, Sydney","","","","","","","","","","","","","","2019-08-13","2020-08-19","ESC_NA7409AA",NA,57,"ST350 Cplx","AxB1",NA,6,31,5,28,1,1,2
"ESC_NA7410AA","Liv111M","traces-0pkkgKj;ILLUMINA;Paired;;NA;Uploaded","Food","Poultry","Chicken",2011,NA,NA,NA,"Europe","Romania","","","",NA,NA,NA,"University of Technology, Sydney","","","","","","","","","","","","","","2019-08-13","2020-08-19","ESC_NA7410AA",NA,744,"ST10 Cplx","",NA,10,11,135,8,8,8,2
"ESC_NA7411AA","Liv114M","traces-0ZRSLKR;ILLUMINA;Paired;;NA;Uploaded","Food","Poultry","Chicken",2011,NA,NA,NA,"Europe","Romania","","","",NA,NA,NA,"University of Technology, Sydney","","","","","","","","","","","","","","2019-08-13","2020-08-19","ESC_NA7411AA",NA,57,"ST350 Cplx","AxB1",NA,6,31,5,28,1,1,2
"ESC_NA8332AA","16-01258","ERR3308997;ILLUMINA;Paired;300;ERX3334888;SRA","Human","Human","Homo sapiens; stool",2016,NA,NA,NA,"Europe","Romania","","","",NA,NA,NA,"ROBERT KOCH INSTITUT","Escherichia coli","","","","","","","","PRJEB32361","ERP115038","","SAMEA5591884","ERS3396099","2019-08-21","2019-08-20","ESC_NA8332AA",NA,10,"ST10 Cplx","A",NA,10,11,4,8,8,8,2
"ESC_PA6733AA","Liv84","SRR9971405;ILLUMINA;Paired;;SRX6718844;SRA","Poultry","Avian","Gallus gallus; feces",2011,NA,NA,NA,"Europe","Romania","","","",NA,NA,NA,"The ithree institute","Escherichia coli","","","","","","","","PRJNA560337","SRP218412","","SAMN12576022","SRS5271380","2020-01-01","2019-12-11","ESC_PA6733AA",NA,3270,"","",NA,6,11,4,8,8,8,6
"ESC_PA6734AA","Liv83","SRR9971406;ILLUMINA;Paired;;SRX6718843;SRA","Poultry","Avian","Gallus gallus; feces",2011,NA,NA,NA,"Europe","Romania","","","",NA,NA,NA,"The ithree institute","Escherichia coli","","","","","","","","PRJNA560337","SRP218412","","SAMN12576021","SRS5271379","2020-01-01","2019-12-11","ESC_PA6734AA",NA,1140,"","",NA,83,23,164,181,80,1,42
"ESC_PA6735AA","Liv86","SRR9971407;ILLUMINA;Paired;;SRX6718842;SRA","Poultry","Avian","Gallus gallus; feces",2011,NA,NA,NA,"Europe","Romania","","","",NA,NA,NA,"The ithree institute","Escherichia coli","","","","","","","","PRJNA560337","SRP218412","","SAMN12576024","SRS5271378","2020-01-01","2019-12-11","ESC_PA6735AA",NA,88,"ST23 Cplx","B1",NA,6,4,12,1,20,12,7
"ESC_PA6736AA","Liv85","SRR9971408;ILLUMINA;Paired;;SRX6718841;SRA","Poultry","Avian","Gallus gallus; feces",2011,NA,NA,NA,"Europe","Romania","","","",NA,NA,NA,"The ithree institute","Escherichia coli","","","","","","","","PRJNA560337","SRP218412","","SAMN12576023","SRS5271377","2020-01-01","2019-12-11","ESC_PA6736AA",NA,162,"ST469 Cplx","AxB1",NA,9,65,5,1,9,13,6
"ESC_PA6737AA","Liv103","SRR9971409;ILLUMINA;Paired;;SRX6718840;SRA","Poultry","Avian","Gallus gallus; feces",2011,NA,NA,NA,"Europe","Romania","","","",NA,NA,NA,"The ithree institute","Escherichia coli","","","","","","","","PRJNA560337","SRP218412","","SAMN12575930","SRS5271376","2020-01-01","2019-12-11","ESC_PA6737AA",NA,1914,"","",NA,83,306,245,260,209,16,181
"ESC_PA6738AA","Liv102","SRR9971410;ILLUMINA;Paired;;SRX6718839;SRA","Poultry","Avian","Gallus gallus; feces",2011,NA,NA,NA,"Europe","Romania","","","",NA,NA,NA,"The ithree institute","Escherichia coli","","","","","","","","PRJNA560337","SRP218412","","SAMN12575929","SRS5271375","2020-01-01","2019-12-11","ESC_PA6738AA",NA,1914,"","",NA,83,306,245,260,209,16,181
"ESC_PA6739AA","Liv101","SRR9971411;ILLUMINA;Paired;;SRX6718838;SRA","Poultry","Avian","Gallus gallus; feces",2011,NA,NA,NA,"Europe","Romania","","","",NA,NA,NA,"The ithree institute","Escherichia coli","","","","","","","","PRJNA560337","SRP218412","","SAMN12575928","SRS5271374","2020-01-01","2019-12-11","ESC_PA6739AA",NA,10620,"ST168 Cplx","A",NA,6,11,818,10,7,8,6
"ESC_PA6740AA","Liv100","SRR9971412;ILLUMINA;Paired;;SRX6718837;SRA","Poultry","Avian","Gallus gallus; feces",2011,NA,NA,NA,"Europe","Romania","","","",NA,NA,NA,"The ithree institute","Escherichia coli","","","","","","","","PRJNA560337","SRP218412","","SAMN12575927","SRS5271373","2020-01-01","2019-12-11","ESC_PA6740AA",NA,10,"ST10 Cplx","A",NA,10,11,4,8,8,8,2
"ESC_PA6741AA","Liv107","SRR9971413;ILLUMINA;Paired;;SRX6718836;SRA","Poultry","Avian","Gallus gallus; feces",2011,NA,NA,NA,"Europe","Romania","","","",NA,NA,NA,"The ithree institute","Escherichia coli","","","","","","","","PRJNA560337","SRP218412","","SAMN12575934","SRS5271372","2020-01-01","2019-12-11","ESC_PA6741AA",NA,3580,"","AxB1",NA,6,65,344,1,11,13,6
"ESC_PA6742AA","Liv106","SRR9971414;ILLUMINA;Paired;;SRX6718835;SRA","Poultry","Avian","Gallus gallus; feces",2011,NA,NA,NA,"Europe","Romania","","","",NA,NA,NA,"The ithree institute","Escherichia coli","","","","","","","","PRJNA560337","SRP218412","","SAMN12575933","SRS5271371","2020-01-01","2019-12-11","ESC_PA6742AA",NA,1011,"","",NA,6,4,159,44,112,1,17
"ESC_PA6743AA","Liv105","SRR9971415;ILLUMINA;Paired;;SRX6718834;SRA","Poultry","Avian","Gallus gallus; feces",2011,NA,NA,NA,"Europe","Romania","","","",NA,NA,NA,"The ithree institute","Escherichia coli","","","","","","","","PRJNA560337","SRP218412","","SAMN12575932","SRS5271370","2020-01-01","2019-12-11","ESC_PA6743AA",NA,1140,"","",NA,83,23,164,181,80,1,42
"ESC_PA6744AA","Liv104","SRR9971416;ILLUMINA;Paired;;SRX6718833;SRA","Poultry","Avian","Gallus gallus; feces",2011,NA,NA,NA,"Europe","Romania","","","",NA,NA,NA,"The ithree institute","Escherichia coli","","","","","","","","PRJNA560337","SRP218412","","SAMN12575931","SRS5271369","2020-01-01","2019-12-11","ESC_PA6744AA",NA,1140,"","",NA,83,23,164,181,80,1,42
"ESC_PA6745AA","Liv109","SRR9971417;ILLUMINA;Paired;;SRX6718832;SRA","Poultry","Avian","Gallus gallus; feces",2011,NA,NA,NA,"Europe","Romania","","","",NA,NA,NA,"The ithree institute","Escherichia coli","","","","","","","","PRJNA560337","SRP218412","","SAMN12575936","SRS5271368","2020-01-01","2019-12-11","ESC_PA6745AA",NA,453,"ST86 Cplx","",NA,99,6,33,33,24,8,7
"ESC_PA6746AA","Liv108","SRR9971418;ILLUMINA;Paired;;SRX6718831;SRA","Poultry","Avian","Gallus gallus; feces",2011,NA,NA,NA,"Europe","Romania","","","",NA,NA,NA,"The ithree institute","Escherichia coli","","","","","","","","PRJNA560337","SRP218412","","SAMN12575935","SRS5271367","2020-01-01","2019-12-11","ESC_PA6746AA",NA,1011,"","",NA,6,4,159,44,112,1,17
"ESC_PA6747AA","Liv1","SRR9971419;ILLUMINA;Paired;;SRX6718830;SRA","Human","Human","Homo sapiens; feces",2011,NA,NA,NA,"Europe","Romania","","","",NA,NA,NA,"The ithree institute","Escherichia coli","","","","","","","","PRJNA560337","SRP218412","","SAMN12575951","SRS5271366","2020-01-01","2019-12-11","ESC_PA6747AA",NA,10,"ST10 Cplx","A",NA,10,11,4,8,8,8,2
"ESC_PA6748AA","Liv21","SRR9971420;ILLUMINA;Paired;;SRX6718829;SRA","Poultry","Avian","Gallus gallus; feces",2011,NA,NA,NA,"Europe","Romania","","","",NA,NA,NA,"The ithree institute","Escherichia coli","","","","","","","","PRJNA560337","SRP218412","","SAMN12575952","SRS5271365","2020-01-01","2019-12-11","ESC_PA6748AA",NA,88,"ST23 Cplx","B1",NA,6,4,12,1,20,12,7
"ESC_PA6749AA","Liv22","SRR9971421;ILLUMINA;Paired;;SRX6718828;SRA","Poultry","Avian","Gallus gallus; feces",2011,NA,NA,NA,"Europe","Romania","","","",NA,NA,NA,"The ithree institute","Escherichia coli","","","","","","","","PRJNA560337","SRP218412","","SAMN12575953","SRS5271364","2020-01-01","2019-12-11","ESC_PA6749AA",NA,295,"ST23 Cplx","",NA,6,4,12,1,9,2,7
"ESC_PA6750AA","Liv23","SRR9971422;ILLUMINA;Paired;;SRX6718827;SRA","Poultry","Poultry","Gallus gallus; feces",2011,NA,NA,NA,"Europe","Romania","","","",NA,NA,NA,"The ithree institute","Escherichia coli","","","","","","","","PRJNA560337","SRP218412","","SAMN12575954","SRS5271363","2020-01-01","2019-12-11","ESC_PA6750AA",NA,602,"ST446 Cplx","",NA,6,19,33,26,11,8,6
"ESC_PA6751AA","Liv14","SRR9971423;ILLUMINA;Paired;;SRX6718826;SRA","Human","Human","Homo sapiens; feces",2011,NA,NA,NA,"Europe","Romania","","","",NA,NA,NA,"The ithree institute","Escherichia coli","","","","","","","","PRJNA560337","SRP218412","","SAMN12575947","SRS5271362","2020-01-01","2019-12-11","ESC_PA6751AA",NA,206,"ST206 Cplx","AxB1",NA,6,7,5,1,8,18,2
"ESC_PA6752AA","Liv16","SRR9971424;ILLUMINA;Paired;;SRX6718825;SRA","Human","Human","Homo sapiens; feces",2011,NA,NA,NA,"Europe","Romania","","","",NA,NA,NA,"The ithree institute","Escherichia coli","","","","","","","","PRJNA560337","SRP218412","","SAMN12575948","SRS5271361","2020-01-01","2019-12-11","ESC_PA6752AA",NA,641,"ST86 Cplx","",NA,9,6,33,131,24,8,7
"ESC_PA6753AA","Liv17","SRR9971425;ILLUMINA;Paired;;SRX6718824;SRA","Human","Human","Homo sapiens; feces",2011,NA,NA,NA,"Europe","Romania","","","",NA,NA,NA,"The ithree institute","Escherichia coli","","","","","","","","PRJNA560337","SRP218412","","SAMN12575949","SRS5271360","2020-01-01","2019-12-11","ESC_PA6753AA",NA,10,"ST10 Cplx","A",NA,10,11,4,8,8,8,2
"ESC_PA6754AA","Liv18","SRR9971426;ILLUMINA;Paired;;SRX6718823;SRA","Human","Human","Homo sapiens; feces",2011,NA,NA,NA,"Europe","Romania","","","",NA,NA,NA,"The ithree institute","Escherichia coli","","","","","","","","PRJNA560337","SRP218412","","SAMN12575950","SRS5271359","2020-01-01","2019-12-11","ESC_PA6754AA",NA,48,"ST10 Cplx","A",NA,6,11,4,8,8,8,2
"ESC_PA6755AA","Liv24","SRR9971427;ILLUMINA;Paired;;SRX6718822;SRA","Poultry","Avian","Gallus gallus; feces",2011,NA,NA,NA,"Europe","Romania","","","",NA,NA,NA,"The ithree institute","Escherichia coli","","","","","","","","PRJNA560337","SRP218412","","SAMN12575955","SRS5271358","2020-01-01","2019-12-11","ESC_PA6755AA",NA,58,"ST155 Cplx","AxB1",NA,6,4,4,16,24,8,14
"ESC_PA6756AA","Liv25","SRR9971428;ILLUMINA;Paired;;SRX6718821;SRA","Poultry","Avian","Gallus gallus; feces",2011,NA,NA,NA,"Europe","Romania","","","",NA,NA,NA,"The ithree institute","Escherichia coli","","","","","","","","PRJNA560337","SRP218412","","SAMN12575956","SRS5271357","2020-01-01","2019-12-11","ESC_PA6756AA",NA,2171,"","",NA,260,88,78,29,70,158,2
"ESC_PA6757AA","Liv77","SRR9971429;ILLUMINA;Paired;;SRX6718820;SRA","Poultry","Avian","Gallus gallus; feces",2011,NA,NA,NA,"Europe","Romania","","","",NA,NA,NA,"The ithree institute","Escherichia coli","","","","","","","","PRJNA560337","SRP218412","","SAMN12576015","SRS5271356","2020-01-01","2019-12-11","ESC_PA6757AA",NA,295,"ST23 Cplx","",NA,6,4,12,1,9,2,7
"ESC_PA6758AA","Liv78","SRR9971430;ILLUMINA;Paired;;SRX6718819;SRA","Poultry","Avian","Gallus gallus; feces",2011,NA,NA,NA,"Europe","Romania","","","",NA,NA,NA,"The ithree institute","Escherichia coli","","","","","","","","PRJNA560337","SRP218412","","SAMN12576016","SRS5271355","2020-01-01","2019-12-11","ESC_PA6758AA",NA,10,"ST10 Cplx","A",NA,10,11,4,8,8,8,2
"ESC_PA6759AA","Liv6","SRR9971431;ILLUMINA;Paired;;SRX6718818;SRA","Human","Human","Homo sapiens; feces",2011,NA,NA,NA,"Europe","Romania","","","",NA,NA,NA,"The ithree institute","Escherichia coli","","","","","","","","PRJNA560337","SRP218412","","SAMN12576009","SRS5271354","2020-01-01","2019-12-11","ESC_PA6759AA",NA,10621,"ST206 Cplx","AxB1",NA,6,1517,5,1,8,18,2
"ESC_PA6760AA","Liv70","SRR9971432;ILLUMINA;Paired;;SRX6718817;SRA","Poultry","Poultry","Gallus gallus; feces",2011,NA,NA,NA,"Europe","Romania","","","",NA,NA,NA,"The ithree institute","Escherichia coli","","","","","","","","PRJNA560337","SRP218412","","SAMN12576010","SRS5271353","2020-01-01","2019-12-11","ESC_PA6760AA",NA,359,"ST101 Cplx","",NA,43,41,15,90,11,8,6
"ESC_PA6761AA","Liv68","SRR9971433;ILLUMINA;Paired;;SRX6718816;SRA","Poultry","Avian","Gallus gallus; feces",2011,NA,NA,NA,"Europe","Romania","","","",NA,NA,NA,"The ithree institute","Escherichia coli","","","","","","","","PRJNA560337","SRP218412","","SAMN12576007","SRS5271352","2020-01-01","2019-12-11","ESC_PA6761AA",NA,295,"ST23 Cplx","",NA,6,4,12,1,9,2,7
"ESC_PA6762AA","Liv69","SRR9971434;ILLUMINA;Paired;;SRX6718815;SRA","Poultry","Avian","Gallus gallus; feces",2011,NA,NA,NA,"Europe","Romania","","","",NA,NA,NA,"The ithree institute","Escherichia coli","","","","","","","","PRJNA560337","SRP218412","","SAMN12576008","SRS5271351","2020-01-01","2019-12-11","ESC_PA6762AA",NA,58,"ST155 Cplx","AxB1",NA,6,4,4,16,24,8,14
"ESC_PA6763AA","Liv73","SRR9971435;ILLUMINA;Paired;;SRX6718814;SRA","Poultry","Avian","Gallus gallus; feces",2011,NA,NA,NA,"Europe","Romania","","","",NA,NA,NA,"The ithree institute","Escherichia coli","","","","","","","","PRJNA560337","SRP218412","","SAMN12576013","SRS5271350","2020-01-01","2019-12-11","ESC_PA6763AA",NA,398,"ST398 Cplx","",NA,64,7,1,1,8,8,6
"ESC_PA6764AA","Liv76","SRR9971436;ILLUMINA;Paired;;SRX6718813;SRA","Poultry","Avian","Gallus gallus; feces",2011,NA,NA,NA,"Europe","Romania","","","",NA,NA,NA,"The ithree institute","Escherichia coli","","","","","","","","PRJNA560337","SRP218412","","SAMN12576014","SRS5271349","2020-01-01","2019-12-11","ESC_PA6764AA",NA,295,"ST23 Cplx","",NA,6,4,12,1,9,2,7
"ESC_PA6765AA","Liv71","SRR9971437;ILLUMINA;Paired;;SRX6718812;SRA","Poultry","Avian","Gallus gallus; feces",2011,NA,NA,NA,"Europe","Romania","","","",NA,NA,NA,"The ithree institute","Escherichia coli","","","","","","","","PRJNA560337","SRP218412","","SAMN12576011","SRS5271348","2020-01-01","2019-12-11","ESC_PA6765AA",NA,115,"ST38 Cplx","D",NA,4,26,39,25,5,31,19
"ESC_PA6766AA","Liv72","SRR9971438;ILLUMINA;Paired;;SRX6718811;SRA","Poultry","Avian","Gallus gallus; feces",2011,NA,NA,NA,"Europe","Romania","","","",NA,NA,NA,"The ithree institute","Escherichia coli","","","","","","","","PRJNA560337","SRP218412","","SAMN12576012","SRS5271347","2020-01-01","2019-12-11","ESC_PA6766AA",NA,115,"ST38 Cplx","D",NA,4,26,39,25,5,31,19
"ESC_PA6768AA","Liv67M","SRR9971440;ILLUMINA;Paired;;SRX6718809;SRA","Poultry","Avian","Gallus gallus; feces",2011,NA,NA,NA,"Europe","Romania","","","",NA,NA,NA,"The ithree institute","Escherichia coli","","","","","","","","PRJNA560337","SRP218412","","SAMN12576005","SRS5271345","2020-01-01","2019-12-11","ESC_PA6768AA",NA,744,"ST10 Cplx","",NA,10,11,135,8,8,8,2
"ESC_PA6769AA","Liv82","SRR9971441;ILLUMINA;Paired;;SRX6718808;SRA","Human","Human","Homo sapiens; feces",2011,NA,NA,NA,"Europe","Romania","","","",NA,NA,NA,"The ithree institute","Escherichia coli","","","","","","","","PRJNA560337","SRP218412","","SAMN12576020","SRS5271344","2020-01-01","2019-12-11","ESC_PA6769AA",NA,23,"ST23 Cplx","B1",NA,6,4,12,1,20,13,7
"ESC_PA6771AA","Liv47","SRR9971443;ILLUMINA;Paired;;SRX6718806;SRA","Poultry","Avian","Gallus gallus; feces",2011,NA,NA,NA,"Europe","Romania","","","",NA,NA,NA,"The ithree institute","Escherichia coli","","","","","","","","PRJNA560337","SRP218412","","SAMN12575985","SRS5271342","2020-01-01","2019-12-11","ESC_PA6771AA",NA,398,"ST398 Cplx","",NA,64,7,1,1,8,8,6
"ESC_PA6772AA","Liv44","SRR9971444;ILLUMINA;Paired;;SRX6718805;SRA","Poultry","Avian","Gallus gallus; feces",2011,NA,NA,NA,"Europe","Romania","","","",NA,NA,NA,"The ithree institute","Escherichia coli","","","","","","","","PRJNA560337","SRP218412","","SAMN12575982","SRS5271341","2020-01-01","2019-12-11","ESC_PA6772AA",NA,398,"ST398 Cplx","",NA,64,7,1,1,8,8,6
"ESC_PA6773AA","Liv43","SRR9971445;ILLUMINA;Paired;;SRX6718804;SRA","Poultry","Avian","Gallus gallus; feces",2011,NA,NA,NA,"Europe","Romania","","","",NA,NA,NA,"The ithree institute","Escherichia coli","","","","","","","","PRJNA560337","SRP218412","","SAMN12575981","SRS5271340","2020-01-01","2019-12-11","ESC_PA6773AA",NA,295,"ST23 Cplx","",NA,6,4,12,1,9,2,7
"ESC_PA6774AA","Liv46","SRR9971446;ILLUMINA;Paired;;SRX6718803;SRA","Poultry","Avian","Gallus gallus; feces",2011,NA,NA,NA,"Europe","Romania","","","",NA,NA,NA,"The ithree institute","Escherichia coli","","","","","","","","PRJNA560337","SRP218412","","SAMN12575984","SRS5271339","2020-01-01","2019-12-11","ESC_PA6774AA",NA,189,"ST165 Cplx","A",NA,10,27,5,10,12,8,49
"ESC_PA6775AA","Liv45","SRR9971447;ILLUMINA;Paired;;SRX6718802;SRA","Poultry","Avian","Gallus gallus; feces",2011,NA,NA,NA,"Europe","Romania","","","",NA,NA,NA,"The ithree institute","Escherichia coli","","","","","","","","PRJNA560337","SRP218412","","SAMN12575983","SRS5271338","2020-01-01","2019-12-11","ESC_PA6775AA",NA,295,"ST23 Cplx","",NA,6,4,12,1,9,2,7
"ESC_PA6776AA","Liv41","SRR9971448;ILLUMINA;Paired;;SRX6718801;SRA","Poultry","Avian","Gallus gallus; feces",2011,NA,NA,NA,"Europe","Romania","","","",NA,NA,NA,"The ithree institute","Escherichia coli","","","","","","","","PRJNA560337","SRP218412","","SAMN12575978","SRS5271337","2020-01-01","2019-12-11","ESC_PA6776AA",NA,453,"ST86 Cplx","",NA,99,6,33,33,24,8,7
"ESC_PA6777AA","Liv40","SRR9971449;ILLUMINA;Paired;;SRX6718800;SRA","Poultry","Avian","Gallus gallus; feces",2011,NA,NA,NA,"Europe","Romania","","","",NA,NA,NA,"The ithree institute","Escherichia coli","","","","","","","","PRJNA560337","SRP218412","","SAMN12575977","SRS5271336","2020-01-01","2019-12-11","ESC_PA6777AA",NA,156,"ST156 Cplx","AxB1",NA,6,29,32,16,11,8,44
"ESC_PA6779AA","Liv42","SRR9971451;ILLUMINA;Paired;;SRX6718798;SRA","Poultry","Avian","Gallus gallus; feces",2011,NA,NA,NA,"Europe","Romania","","","",NA,NA,NA,"The ithree institute","Escherichia coli","","","","","","","","PRJNA560337","SRP218412","","SAMN12575979","SRS5271334","2020-01-01","2019-12-11","ESC_PA6779AA",NA,398,"ST398 Cplx","",NA,64,7,1,1,8,8,6
"ESC_PA6780AA","Liv56","SRR9971452;ILLUMINA;Paired;;SRX6718797;SRA","Poultry","Avian","Gallus gallus; feces",2011,NA,NA,NA,"Europe","Romania","","","",NA,NA,NA,"The ithree institute","Escherichia coli","","","","","","","","PRJNA560337","SRP218412","","SAMN12575993","SRS5271333","2020-01-01","2019-12-11","ESC_PA6780AA",NA,295,"ST23 Cplx","",NA,6,4,12,1,9,2,7
"ESC_PA6781AA","Liv57","SRR9971453;ILLUMINA;Paired;;SRX6718796;SRA","Poultry","Avian","Gallus gallus; feces",2011,NA,NA,NA,"Europe","Romania","","","",NA,NA,NA,"The ithree institute","Escherichia coli","","","","","","","","PRJNA560337","SRP218412","","SAMN12575994","SRS5271332","2020-01-01","2019-12-11","ESC_PA6781AA",NA,10,"ST10 Cplx","A",NA,10,11,4,8,8,8,2
"ESC_PA6782AA","Liv3","SRR9971454;ILLUMINA;Paired;;SRX6718795;SRA","Human","Human","Homo sapiens; feces",2011,NA,NA,NA,"Europe","Romania","","","",NA,NA,NA,"The ithree institute","Escherichia coli","","","","","","","","PRJNA560337","SRP218412","","SAMN12575975","SRS5271331","2020-01-01","2019-12-11","ESC_PA6782AA",NA,10,"ST10 Cplx","A",NA,10,11,4,8,8,8,2
"ESC_PA6783AA","Liv40M","SRR9971455;ILLUMINA;Paired;;SRX6718794;SRA","Poultry","Avian","Gallus gallus; feces",2011,NA,NA,NA,"Europe","Romania","","","",NA,NA,NA,"The ithree institute","Escherichia coli","","","","","","","","PRJNA560337","SRP218412","","SAMN12575976","SRS5271330","2020-01-01","2019-12-11","ESC_PA6783AA",NA,57,"ST350 Cplx","AxB1",NA,6,31,5,28,1,1,2
"ESC_PA6784AA","Liv38","SRR9971456;ILLUMINA;Paired;;SRX6718793;SRA","Poultry","Avian","Gallus gallus; feces",2011,NA,NA,NA,"Europe","Romania","","","",NA,NA,NA,"The ithree institute","Escherichia coli","","","","","","","","PRJNA560337","SRP218412","","SAMN12575973","SRS5271329","2020-01-01","2019-12-11","ESC_PA6784AA",NA,295,"ST23 Cplx","",NA,6,4,12,1,9,2,7
"ESC_PA6785AA","Liv39","SRR9971457;ILLUMINA;Paired;;SRX6718792;SRA","Poultry","Avian","Gallus gallus; feces",2011,NA,NA,NA,"Europe","Romania","","","",NA,NA,NA,"The ithree institute","Escherichia coli","","","","","","","","PRJNA560337","SRP218412","","SAMN12575974","SRS5271328","2020-01-01","2019-12-11","ESC_PA6785AA",NA,189,"ST165 Cplx","A",NA,10,27,5,10,12,8,49
"ESC_PA6787AA","Liv37","SRR9971459;ILLUMINA;Paired;;SRX6718790;SRA","Poultry","Avian","Gallus gallus; feces",2011,NA,NA,NA,"Europe","Romania","","","",NA,NA,NA,"The ithree institute","Escherichia coli","","","","","","","","PRJNA560337","SRP218412","","SAMN12575972","SRS5271326","2020-01-01","2019-12-11","ESC_PA6787AA",NA,744,"ST10 Cplx","",NA,10,11,135,8,8,8,2
"ESC_PA6788AA","Liv35","SRR9971460;ILLUMINA;Paired;;SRX6718789;SRA","Poultry","Avian","Gallus gallus; feces",2011,NA,NA,NA,"Europe","Romania","","","",NA,NA,NA,"The ithree institute","Escherichia coli","","","","","","","","PRJNA560337","SRP218412","","SAMN12575969","SRS5271325","2020-01-01","2019-12-11","ESC_PA6788AA",NA,69,"ST69 Cplx","D",NA,21,35,27,6,5,5,4
"ESC_PA6789AA","Liv36","SRR9971461;ILLUMINA;Paired;;SRX6718788;SRA","Poultry","Avian","Gallus gallus; feces",2011,NA,NA,NA,"Europe","Romania","","","",NA,NA,NA,"The ithree institute","Escherichia coli","","","","","","","","PRJNA560337","SRP218412","","SAMN12575970","SRS5271324","2020-01-01","2019-12-11","ESC_PA6789AA",NA,69,"ST69 Cplx","D",NA,21,35,27,6,5,5,4
"ESC_PA6790AA","Liv33","SRR9971462;ILLUMINA;Paired;;SRX6718787;SRA","Poultry","Avian","Gallus gallus; feces",2011,NA,NA,NA,"Europe","Romania","","","",NA,NA,NA,"The ithree institute","Escherichia coli","","","","","","","","PRJNA560337","SRP218412","","SAMN12575967","SRS5271323","2020-01-01","2019-12-11","ESC_PA6790AA",NA,156,"ST156 Cplx","AxB1",NA,6,29,32,16,11,8,44
"ESC_PA6791AA","Liv34","SRR9971463;ILLUMINA;Paired;;SRX6718786;SRA","Poultry","Avian","Gallus gallus; feces",2011,NA,NA,NA,"Europe","Romania","","","",NA,NA,NA,"The ithree institute","Escherichia coli","","","","","","","","PRJNA560337","SRP218412","","SAMN12575968","SRS5271322","2020-01-01","2019-12-11","ESC_PA6791AA",NA,3580,"","AxB1",NA,6,65,344,1,11,13,6
"ESC_PA6792AA","Liv32","SRR9971464;ILLUMINA;Paired;;SRX6718785;SRA","Poultry","Avian","Gallus gallus; feces",2011,NA,NA,NA,"Europe","Romania","","","",NA,NA,NA,"The ithree institute","Escherichia coli","","","","","","","","PRJNA560337","SRP218412","","SAMN12575966","SRS5271321","2020-01-01","2019-12-11","ESC_PA6792AA",NA,2171,"","",NA,260,88,78,29,70,158,2
"ESC_PA6793AA","Liv31","SRR9971465;ILLUMINA;Paired;;SRX6718784;SRA","Poultry","Avian","Gallus gallus; feces",2011,NA,NA,NA,"Europe","Romania","","","",NA,NA,NA,"The ithree institute","Escherichia coli","","","","","","","","PRJNA560337","SRP218412","","SAMN12575965","SRS5271320","2020-01-01","2019-12-11","ESC_PA6793AA",NA,189,"ST165 Cplx","A",NA,10,27,5,10,12,8,49
"ESC_PA6794AA","Liv29","SRR9971466;ILLUMINA;Paired;;SRX6718783;SRA","Poultry","Avian","Gallus gallus; feces",2011,NA,NA,NA,"Europe","Romania","","","",NA,NA,NA,"The ithree institute","Escherichia coli","","","","","","","","PRJNA560337","SRP218412","","SAMN12575960","SRS5271319","2020-01-01","2019-12-11","ESC_PA6794AA",NA,1594,"ST168 Cplx","A",NA,6,11,4,234,7,8,6
"ESC_PA6795AA","Liv28","SRR9971467;ILLUMINA;Paired;;SRX6718782;SRA","Poultry","Avian","Gallus gallus; feces",2011,NA,NA,NA,"Europe","Romania","","","",NA,NA,NA,"The ithree institute","Escherichia coli","","","","","","","","PRJNA560337","SRP218412","","SAMN12575959","SRS5271318","2020-01-01","2019-12-11","ESC_PA6795AA",NA,3858,"ST86 Cplx","",NA,9,6,33,131,9,8,7
"ESC_PA6796AA","Liv27","SRR9971468;ILLUMINA;Paired;;SRX6718781;SRA","Poultry","Avian","Gallus gallus; feces",2011,NA,NA,NA,"Europe","Romania","","","",NA,NA,NA,"The ithree institute","Escherichia coli","","","","","","","","PRJNA560337","SRP218412","","SAMN12575958","SRS5271317","2020-01-01","2019-12-11","ESC_PA6796AA",NA,1914,"","",NA,83,306,245,260,209,16,181
"ESC_PA6801AA","Liv2","SRR9971473;ILLUMINA;Paired;;SRX6718776;SRA","Human","Human","Homo sapiens; feces",2011,NA,NA,NA,"Europe","Romania","","","",NA,NA,NA,"The ithree institute","Escherichia coli","","","","","","","","PRJNA560337","SRP218412","","SAMN12575961","SRS5271312","2020-01-01","2019-12-11","ESC_PA6801AA",NA,533,"ST40 Cplx","",NA,6,4,5,18,11,8,14
"ESC_PA6802AA","Liv88","SRR9971474;ILLUMINA;Paired;;SRX6718775;SRA","Poultry","Avian","Gallus gallus; feces",2011,NA,NA,NA,"Europe","Romania","","","",NA,NA,NA,"The ithree institute","Escherichia coli","","","","","","","","PRJNA560337","SRP218412","","SAMN12576026","SRS5271311","2020-01-01","2019-12-11","ESC_PA6802AA",NA,1140,"","",NA,83,23,164,181,80,1,42
"ESC_PA6803AA","Liv87","SRR9971475;ILLUMINA;Paired;;SRX6718774;SRA","Poultry","Avian","Gallus gallus; feces",2011,NA,NA,NA,"Europe","Romania","","","",NA,NA,NA,"The ithree institute","Escherichia coli","","","","","","","","PRJNA560337","SRP218412","","SAMN12576025","SRS5271310","2020-01-01","2019-12-11","ESC_PA6803AA",NA,1594,"ST168 Cplx","A",NA,6,11,4,234,7,8,6
"ESC_PA6804AA","Liv66","SRR9971476;ILLUMINA;Paired;;SRX6718773;SRA","Poultry","Avian","Gallus gallus; feces",2011,NA,NA,NA,"Europe","Romania","","","",NA,NA,NA,"The ithree institute","Escherichia coli","","","","","","","","PRJNA560337","SRP218412","","SAMN12576004","SRS5271309","2020-01-01","2019-12-11","ESC_PA6804AA",NA,453,"ST86 Cplx","",NA,99,6,33,33,24,8,7
"ESC_PA6805AA","Liv79","SRR9971477;ILLUMINA;Paired;;SRX6718772;SRA","Poultry","Avian","Gallus gallus; feces",2011,NA,NA,NA,"Europe","Romania","","","",NA,NA,NA,"The ithree institute","Escherichia coli","","","","","","","","PRJNA560337","SRP218412","","SAMN12576018","SRS5271308","2020-01-01","2019-12-11","ESC_PA6805AA",NA,295,"ST23 Cplx","",NA,6,4,12,1,9,2,7
"ESC_PA6807AA","Liv65","SRR9971479;ILLUMINA;Paired;;SRX6718770;SRA","Poultry","Poultry","Gallus gallus; feces",2011,NA,NA,NA,"Europe","Romania","","","",NA,NA,NA,"The ithree institute","Escherichia coli","","","","","","","","PRJNA560337","SRP218412","","SAMN12576003","SRS5271306","2020-01-01","2019-12-11","ESC_PA6807AA",NA,602,"ST446 Cplx","",NA,6,19,33,26,11,8,6
"ESC_PA6808AA","Liv80","SRR9971480;ILLUMINA;Paired;;SRX6718769;SRA","Human","Human","Homo sapiens; feces",2011,NA,NA,NA,"Europe","Romania","","","",NA,NA,NA,"The ithree institute","Escherichia coli","","","","","","","","PRJNA560337","SRP218412","","SAMN12576019","SRS5271305","2020-01-01","2019-12-11","ESC_PA6808AA",NA,23,"ST23 Cplx","B1",NA,6,4,12,1,20,13,7
"ESC_PA6810AA","Liv110","SRR9971482;ILLUMINA;Paired;;SRX6718767;SRA","Poultry","Avian","Gallus gallus; feces",2011,NA,NA,NA,"Europe","Romania","","","",NA,NA,NA,"The ithree institute","Escherichia coli","","","","","","","","PRJNA560337","SRP218412","","SAMN12575937","SRS5271303","2020-01-01","2019-12-11","ESC_PA6810AA",NA,88,"ST23 Cplx","B1",NA,6,4,12,1,20,12,7
"ESC_PA6811AA","Liv112","SRR9971483;ILLUMINA;Paired;;SRX6718766;SRA","Poultry","Avian","Gallus gallus; feces",2011,NA,NA,NA,"Europe","Romania","","","",NA,NA,NA,"The ithree institute","Escherichia coli","","","","","","","","PRJNA560337","SRP218412","","SAMN12575940","SRS5271302","2020-01-01","2019-12-11","ESC_PA6811AA",NA,295,"ST23 Cplx","",NA,6,4,12,1,9,2,7
"ESC_PA6814AA","Liv113","SRR9971486;ILLUMINA;Paired;;SRX6718763;SRA","Poultry","Avian","Gallus gallus; feces",2011,NA,NA,NA,"Europe","Romania","","","",NA,NA,NA,"The ithree institute","Escherichia coli","","","","","","","","PRJNA560337","SRP218412","","SAMN12575941","SRS5271299","2020-01-01","2019-12-11","ESC_PA6814AA",NA,295,"ST23 Cplx","",NA,6,4,12,1,9,2,7
"ESC_PA6815AA","Liv11","SRR9971487;ILLUMINA;Paired;;SRX6718762;SRA","Human","Human","Homo sapiens; feces",2011,NA,NA,NA,"Europe","Romania","","","",NA,NA,NA,"The ithree institute","Escherichia coli","","","","","","","","PRJNA560337","SRP218412","","SAMN12575944","SRS5271298","2020-01-01","2019-12-11","ESC_PA6815AA",NA,1434,"ST10 Cplx","",NA,10,11,5,8,7,8,6
"ESC_PA6816AA","Liv114","SRR9971488;ILLUMINA;Paired;;SRX6718761;SRA","Poultry","Avian","Gallus gallus; feces",2011,NA,NA,NA,"Europe","Romania","","","",NA,NA,NA,"The ithree institute","Escherichia coli","","","","","","","","PRJNA560337","SRP218412","","SAMN12575943","SRS5271297","2020-01-01","2019-12-11","ESC_PA6816AA",NA,295,"ST23 Cplx","",NA,6,4,12,1,9,2,7
"ESC_PA6817AA","Liv13","SRR9971489;ILLUMINA;Paired;;SRX6718760;SRA","Human","Human","Homo sapiens; feces",2011,NA,NA,NA,"Europe","Romania","","","",NA,NA,NA,"The ithree institute","Escherichia coli","","","","","","","","PRJNA560337","SRP218412","","SAMN12575946","SRS5271296","2020-01-01","2019-12-11","ESC_PA6817AA",NA,10619,"ST206 Cplx","AxB1",NA,6,4,977,1,8,8,6
"ESC_PA6818AA","Liv12","SRR9971490;ILLUMINA;Paired;;SRX6718759;SRA","Human","Human","Homo sapiens; feces",2011,NA,NA,NA,"Europe","Romania","","","",NA,NA,NA,"The ithree institute","Escherichia coli","","","","","","","","PRJNA560337","SRP218412","","SAMN12575945","SRS5271295","2020-01-01","2019-12-11","ESC_PA6818AA",NA,10,"ST10 Cplx","A",NA,10,11,4,8,8,8,2
"ESC_PA6820AA","Liv97","SRR9971492;ILLUMINA;Paired;;SRX6718757;SRA","Poultry","Avian","Gallus gallus; feces",2011,NA,NA,NA,"Europe","Romania","","","",NA,NA,NA,"The ithree institute","Escherichia coli","","","","","","","","PRJNA560337","SRP218412","","SAMN12576036","SRS5271293","2020-01-01","2019-12-11","ESC_PA6820AA",NA,1140,"","",NA,83,23,164,181,80,1,42
"ESC_PA6821AA","Liv64","SRR9971493;ILLUMINA;Paired;;SRX6718756;SRA","Poultry","Avian","Gallus gallus; feces",2011,NA,NA,NA,"Europe","Romania","","","",NA,NA,NA,"The ithree institute","Escherichia coli","","","","","","","","PRJNA560337","SRP218412","","SAMN12576002","SRS5271292","2020-01-01","2019-12-11","ESC_PA6821AA",NA,295,"ST23 Cplx","",NA,6,4,12,1,9,2,7
"ESC_PA6822AA","Liv63","SRR9971494;ILLUMINA;Paired;;SRX6718755;SRA","Poultry","Avian","Gallus gallus; feces",2011,NA,NA,NA,"Europe","Romania","","","",NA,NA,NA,"The ithree institute","Escherichia coli","","","","","","","","PRJNA560337","SRP218412","","SAMN12576001","SRS5271291","2020-01-01","2019-12-11","ESC_PA6822AA",NA,295,"ST23 Cplx","",NA,6,4,12,1,9,2,7
"ESC_PA6823AA","Liv62","SRR9971495;ILLUMINA;Paired;;SRX6718754;SRA","Poultry","Poultry","Gallus gallus; feces",2011,NA,NA,NA,"Europe","Romania","","","",NA,NA,NA,"The ithree institute","Escherichia coli","","","","","","","","PRJNA560337","SRP218412","","SAMN12576000","SRS5271290","2020-01-01","2019-12-11","ESC_PA6823AA",NA,359,"ST101 Cplx","",NA,43,41,15,90,11,8,6
"ESC_PA6824AA","Liv61","SRR9971496;ILLUMINA;Paired;;SRX6718753;SRA","Poultry","Avian","Gallus gallus; feces",2011,NA,NA,NA,"Europe","Romania","","","",NA,NA,NA,"The ithree institute","Escherichia coli","","","","","","","","PRJNA560337","SRP218412","","SAMN12575999","SRS5271289","2020-01-01","2019-12-11","ESC_PA6824AA",NA,295,"ST23 Cplx","",NA,6,4,12,1,9,2,7
"ESC_PA6825AA","Liv60","SRR9971497;ILLUMINA;Paired;;SRX6718752;SRA","Poultry","Avian","Gallus gallus; feces",2011,NA,NA,NA,"Europe","Romania","","","",NA,NA,NA,"The ithree institute","Escherichia coli","","","","","","","","PRJNA560337","SRP218412","","SAMN12575998","SRS5271288","2020-01-01","2019-12-11","ESC_PA6825AA",NA,295,"ST23 Cplx","",NA,6,4,12,1,9,2,7
"ESC_PA6826AA","Liv5","SRR9971498;ILLUMINA;Paired;;SRX6718751;SRA","Human","Human","Homo sapiens; feces",2011,NA,NA,NA,"Europe","Romania","","","",NA,NA,NA,"The ithree institute","Escherichia coli","","","","","","","","PRJNA560337","SRP218412","","SAMN12575997","SRS5271287","2020-01-01","2019-12-11","ESC_PA6826AA",NA,10,"ST10 Cplx","A",NA,10,11,4,8,8,8,2
"ESC_PA6828AA","Liv90","SRR9971500;ILLUMINA;Paired;;SRX6718749;SRA","Poultry","Avian","Gallus gallus; feces",2011,NA,NA,NA,"Europe","Romania","","","",NA,NA,NA,"The ithree institute","Escherichia coli","","","","","","","","PRJNA560337","SRP218412","","SAMN12576028","SRS5271285","2020-01-01","2019-12-11","ESC_PA6828AA",NA,162,"ST469 Cplx","AxB1",NA,9,65,5,1,9,13,6
"ESC_PA6829AA","Liv91","SRR9971501;ILLUMINA;Paired;;SRX6718748;SRA","Poultry","Avian","Gallus gallus; feces",2011,NA,NA,NA,"Europe","Romania","","","",NA,NA,NA,"The ithree institute","Escherichia coli","","","","","","","","PRJNA560337","SRP218412","","SAMN12576029","SRS5271284","2020-01-01","2019-12-11","ESC_PA6829AA",NA,345,"ST23 Cplx","",NA,6,4,14,1,20,62,7
"ESC_PA6830AA","Liv92","SRR9971502;ILLUMINA;Paired;;SRX6718747;SRA","Poultry","Avian","Gallus gallus; feces",2011,NA,NA,NA,"Europe","Romania","","","",NA,NA,NA,"The ithree institute","Escherichia coli","","","","","","","","PRJNA560337","SRP218412","","SAMN12576030","SRS5271283","2020-01-01","2019-12-11","ESC_PA6830AA",NA,93,"ST168 Cplx","A",NA,6,11,4,10,7,8,6
"ESC_PA6831AA","Liv93","SRR9971503;ILLUMINA;Paired;;SRX6718746;SRA","Poultry","Avian","Gallus gallus; feces",2011,NA,NA,NA,"Europe","Romania","","","",NA,NA,NA,"The ithree institute","Escherichia coli","","","","","","","","PRJNA560337","SRP218412","","SAMN12576031","SRS5271282","2020-01-01","2019-12-11","ESC_PA6831AA",NA,1914,"","",NA,83,306,245,260,209,16,181
"ESC_PA6832AA","Liv94","SRR9971504;ILLUMINA;Paired;;SRX6718745;SRA","Poultry","Avian","Gallus gallus; feces",2011,NA,NA,NA,"Europe","Romania","","","",NA,NA,NA,"The ithree institute","Escherichia coli","","","","","","","","PRJNA560337","SRP218412","","SAMN12576032","SRS5271281","2020-01-01","2019-12-11","ESC_PA6832AA",NA,1140,"","",NA,83,23,164,181,80,1,42
"ESC_PA6835AA","Liv49","SRR9971507;ILLUMINA;Paired;;SRX6718742;SRA","Poultry","Avian","Gallus gallus; feces",2011,NA,NA,NA,"Europe","Romania","","","",NA,NA,NA,"The ithree institute","Escherichia coli","","","","","","","","PRJNA560337","SRP218412","","SAMN12575987","SRS5271278","2020-01-01","2019-12-11","ESC_PA6835AA",NA,69,"ST69 Cplx","D",NA,21,35,27,6,5,5,4
"ESC_PA6836AA","Liv4","SRR9971508;ILLUMINA;Paired;;SRX6718741;SRA","Human","Human","Homo sapiens; feces",2011,NA,NA,NA,"Europe","Romania","","","",NA,NA,NA,"The ithree institute","Escherichia coli","","","","","","","","PRJNA560337","SRP218412","","SAMN12575988","SRS5271277","2020-01-01","2019-12-11","ESC_PA6836AA",NA,540,"","AxB1",NA,6,7,57,1,8,8,2
"ESC_PA6837AA","Liv51","SRR9971509;ILLUMINA;Paired;;SRX6718740;SRA","Poultry","Avian","Gallus gallus; feces",2011,NA,NA,NA,"Europe","Romania","","","",NA,NA,NA,"The ithree institute","Escherichia coli","","","","","","","","PRJNA560337","SRP218412","","SAMN12575989","SRS5271276","2020-01-01","2019-12-11","ESC_PA6837AA",NA,115,"ST38 Cplx","D",NA,4,26,39,25,5,31,19
"ESC_PA6838AA","Liv52","SRR9971510;ILLUMINA;Paired;;SRX6718739;SRA","Poultry","Avian","Gallus gallus; feces",2011,NA,NA,NA,"Europe","Romania","","","",NA,NA,NA,"The ithree institute","Escherichia coli","","","","","","","","PRJNA560337","SRP218412","","SAMN12575990","SRS5271275","2020-01-01","2019-12-11","ESC_PA6838AA",NA,69,"ST69 Cplx","D",NA,21,35,27,6,5,5,4
"ESC_PA6840AA","Liv55","SRR9971512;ILLUMINA;Paired;;SRX6718737;SRA","Poultry","Poultry","Gallus gallus; feces",2011,NA,NA,NA,"Europe","Romania","","","",NA,NA,NA,"The ithree institute","Escherichia coli","","","","","","","","PRJNA560337","SRP218412","","SAMN12575992","SRS5271273","2020-01-01","2019-12-11","ESC_PA6840AA",NA,602,"ST446 Cplx","",NA,6,19,33,26,11,8,6
"ESC_PA6841AA","Liv99","SRR9971513;ILLUMINA;Paired;;SRX6718736;SRA","Poultry","Avian","Gallus gallus; feces",2011,NA,NA,NA,"Europe","Romania","","","",NA,NA,NA,"The ithree institute","Escherichia coli","","","","","","","","PRJNA560337","SRP218412","","SAMN12576038","SRS5271272","2020-01-01","2019-12-11","ESC_PA6841AA",NA,93,"ST168 Cplx","A",NA,6,11,4,10,7,8,6
"ESC_PA6842AA","Liv98","SRR9971514;ILLUMINA;Paired;;SRX6718735;SRA","Poultry","Avian","Gallus gallus; feces",2011,NA,NA,NA,"Europe","Romania","","","",NA,NA,NA,"The ithree institute","Escherichia coli","","","","","","","","PRJNA560337","SRP218412","","SAMN12576037","SRS5271271","2020-01-01","2019-12-11","ESC_PA6842AA",NA,1140,"","",NA,83,23,164,181,80,1,42
"ESC_PA6843AA","Liv58","SRR9971515;ILLUMINA;Paired;;SRX6718734;SRA","Poultry","Avian","Gallus gallus; feces",2011,NA,NA,NA,"Europe","Romania","","","",NA,NA,NA,"The ithree institute","Escherichia coli","","","","","","","","PRJNA560337","SRP218412","","SAMN12575995","SRS5271270","2020-01-01","2019-12-11","ESC_PA6843AA",NA,1463,"","",NA,6,95,4,222,7,7,7
"ESC_PA6844AA","Liv59","SRR9971516;ILLUMINA;Paired;;SRX6718733;SRA","Poultry","Avian","Gallus gallus; feces",2011,NA,NA,NA,"Europe","Romania","","","",NA,NA,NA,"The ithree institute","Escherichia coli","","","","","","","","PRJNA560337","SRP218412","","SAMN12575996","SRS5271269","2020-01-01","2019-12-11","ESC_PA6844AA",NA,10,"ST10 Cplx","A",NA,10,11,4,8,8,8,2
"ESC_PA8216AA","Liv26","traces-0rGEFBK;ILLUMINA;Paired;;NA;Uploaded","Poultry","Avian","Caecal",2011,NA,NA,NA,"Europe","Romania","","","",NA,NA,NA,"The ithree institute, University of Technology Sydney, Ultimo, NSW, Australia","Escherichia coli","","","","","","","","","","","","","2020-01-13","2021-07-18","ESC_PA8216AA",NA,58,"ST155 Cplx","AxB1",NA,6,4,4,16,24,8,14
"ESC_PA8388AA","Liv89","traces-0SARmtp;ILLUMINA;Paired;;NA;Uploaded","Poultry","Avian","Caecal",2011,NA,NA,NA,"Europe","Romania","","","",NA,NA,NA,"The ithree institute, University of Technology Sydney, Ultimo, NSW, Australia","Escherichia coli","","","","","","","","","","","","","2020-01-14","2021-07-19","ESC_PA8388AA",NA,58,"ST155 Cplx","AxB1",NA,6,4,4,16,24,8,14
"ESC_PA8469AA","Liv48","traces-0DVQYtq;ILLUMINA;Paired;;NA;Uploaded","Poultry","Avian","Caecal",2011,NA,NA,NA,"Europe","Romania","","","",NA,NA,NA,"The ithree institute, University of Technology Sydney, Ultimo, NSW, Australia","Escherichia coli","","","","","","","","","","","","","2020-01-14","2021-07-19","ESC_PA8469AA",NA,58,"ST155 Cplx","AxB1",NA,6,4,4,16,24,8,14
"ESC_SA1422AA","140bac","traces-0PLwJXI;ILLUMINA;Paired;;NA;Uploaded","Environment","Water/River","Effluent G.",2019,NA,NA,NA,"Europe","Romania","Ilfov","Comuna Glina","Celu",NA,44.3956228587,26.2326971342,"I. Barbu, Research Institute of the University of Bucharest","Escherichia coli","","","","","","","","","","","","","2020-08-24","2020-08-24","ESC_SA1422AA",NA,410,"ST23 Cplx","",NA,6,4,12,1,20,18,7
"ESC_TA9467AA","PR-IISPV-30968","ERR3393353;ILLUMINA;Paired;300;ERX3417217;SRA","Livestock","Swine","Sus scrofa domesticus; meat",2017,NA,NA,NA,"Europe","Romania","","","",NA,45.943161,24.966761,"Centre for Genomic Epidemiology, National Food Institute, Technical University of Denmark (DTU), Denmark","Escherichia coli","","","","","","","","PRJEB33169","ERP115939","","SAMEA5732384","ERS3535687","2021-01-22","2021-01-20","ESC_TA9467AA",NA,101,"ST101 Cplx","B1",NA,43,41,15,18,11,7,6
"ESC_TA9468AA","PR-IISPV-28018","ERR3393352;ILLUMINA;Paired;300;ERX3417216;SRA","Livestock","Swine","Sus scrofa domesticus; meat",2017,NA,NA,NA,"Europe","Romania","","","",NA,45.943161,24.966761,"Centre for Genomic Epidemiology, National Food Institute, Technical University of Denmark (DTU), Denmark","Escherichia coli","","","","","","","","PRJEB33169","ERP115939","","SAMEA5732383","ERS3535686","2021-01-22","2021-01-20","ESC_TA9468AA",NA,29,"ST29 Cplx","B1",NA,6,4,12,16,9,7,7
"ESC_TA9469AA","PR-IISPV-27977","ERR3393351;ILLUMINA;Paired;300;ERX3417215;SRA","Livestock","Swine","Sus scrofa domesticus; meat",2017,NA,NA,NA,"Europe","Romania","","","",NA,45.943161,24.966761,"Centre for Genomic Epidemiology, National Food Institute, Technical University of Denmark (DTU), Denmark","Escherichia coli","","","","","","","","PRJEB33169","ERP115939","","SAMEA5732382","ERS3535685","2021-01-22","2021-01-20","ESC_TA9469AA",NA,410,"ST23 Cplx","",NA,6,4,12,1,20,18,7
"ESC_TA9470AA","PR-IISPV-25136","ERR3393350;ILLUMINA;Paired;300;ERX3417214;SRA","Livestock","Swine","Sus scrofa domesticus; meat",2017,NA,NA,NA,"Europe","Romania","","","",NA,45.943161,24.966761,"Centre for Genomic Epidemiology, National Food Institute, Technical University of Denmark (DTU), Denmark","Escherichia coli","","","","","","","","PRJEB33169","ERP115939","","SAMEA5732381","ERS3535684","2021-01-22","2021-01-20","ESC_TA9470AA",NA,602,"ST446 Cplx","",NA,6,19,33,26,11,8,6
"ESC_TA9471AA","14834-1SM","ERR3393348;ILLUMINA;Paired;300;ERX3417212;SRA","Livestock","Swine","Sus scrofa domesticus; caecal sample",2017,NA,NA,NA,"Europe","Romania","","","",NA,45.943161,24.966761,"Centre for Genomic Epidemiology, National Food Institute, Technical University of Denmark (DTU), Denmark","Escherichia coli","","","","","","","","PRJEB33169","ERP115939","","SAMEA5732379","ERS3535682","2021-01-22","2021-01-20","ESC_TA9471AA",NA,23,"ST23 Cplx","B1",NA,6,4,12,1,20,13,7
"ESC_TA9472AA","14743-1AB","ERR3393347;ILLUMINA;Paired;300;ERX3417211;SRA","Livestock","Swine","Sus scrofa domesticus; caecal sample",2017,NA,NA,NA,"Europe","Romania","","","",NA,45.943161,24.966761,"Centre for Genomic Epidemiology, National Food Institute, Technical University of Denmark (DTU), Denmark","Escherichia coli","","","","","","","","PRJEB33169","ERP115939","","SAMEA5732378","ERS3535681","2021-01-22","2021-01-20","ESC_TA9472AA",NA,744,"ST10 Cplx","",NA,10,11,135,8,8,8,2
"ESC_TA9473AA","13925-2IS","ERR3393346;ILLUMINA;Paired;300;ERX3417210;SRA","Livestock","Swine","Sus scrofa domesticus; caecal sample",2017,NA,NA,NA,"Europe","Romania","","","",NA,45.943161,24.966761,"Centre for Genomic Epidemiology, National Food Institute, Technical University of Denmark (DTU), Denmark","Escherichia coli","","","","","","","","PRJEB33169","ERP115939","","SAMEA5732377","ERS3535680","2021-01-22","2021-01-20","ESC_TA9473AA",NA,-2030,"ST23 Cplx","",NA,6,-181,12,1,20,18,7
"ESC_TA9474AA","13566-1MS","ERR3393345;ILLUMINA;Paired;300;ERX3417209;SRA","Livestock","Swine","Sus scrofa domesticus; caecal sample",2017,NA,NA,NA,"Europe","Romania","","","",NA,45.943161,24.966761,"Centre for Genomic Epidemiology, National Food Institute, Technical University of Denmark (DTU), Denmark","Escherichia coli","","","","","","","","PRJEB33169","ERP115939","","SAMEA5732376","ERS3535679","2021-01-22","2021-01-20","ESC_TA9474AA",NA,88,"ST23 Cplx","B1",NA,6,4,12,1,20,12,7
"ESC_TA9475AA","12703-2MS","ERR3393344;ILLUMINA;Paired;300;ERX3417208;SRA","Livestock","Swine","Sus scrofa domesticus; caecal sample",2017,NA,NA,NA,"Europe","Romania","","","",NA,45.943161,24.966761,"Centre for Genomic Epidemiology, National Food Institute, Technical University of Denmark (DTU), Denmark","Escherichia coli","","","","","","","","PRJEB33169","ERP115939","","SAMEA5732375","ERS3535678","2021-01-22","2021-01-20","ESC_TA9475AA",NA,77,"ST206 Cplx","AxB1",NA,6,7,5,1,8,18,27
"ESC_TA9476AA","12702-1MS","ERR3393343;ILLUMINA;Paired;300;ERX3417207;SRA","Livestock","Swine","Sus scrofa domesticus; caecal sample",2017,NA,NA,NA,"Europe","Romania","","","",NA,45.943161,24.966761,"Centre for Genomic Epidemiology, National Food Institute, Technical University of Denmark (DTU), Denmark","Escherichia coli","","","","","","","","PRJEB33169","ERP115939","","SAMEA5732374","ERS3535677","2021-01-22","2021-01-20","ESC_TA9476AA",NA,3014,"","A",NA,303,41,1,8,8,8,6
"ESC_TA9477AA","12329-2AB","ERR3393342;ILLUMINA;Paired;300;ERX3417206;SRA","Livestock","Swine","Sus scrofa domesticus; caecal sample",2017,NA,NA,NA,"Europe","Romania","","","",NA,45.943161,24.966761,"Centre for Genomic Epidemiology, National Food Institute, Technical University of Denmark (DTU), Denmark","Escherichia coli","","","","","","","","PRJEB33169","ERP115939","","SAMEA5732373","ERS3535676","2021-01-22","2021-01-20","ESC_TA9477AA",NA,34,"ST10 Cplx","A",NA,10,11,4,1,8,8,2
"ESC_TA9478AA","12179-1MS","ERR3393341;ILLUMINA;Paired;300;ERX3417205;SRA","Livestock","Swine","Sus scrofa domesticus; caecal sample",2017,NA,NA,NA,"Europe","Romania","","","",NA,45.943161,24.966761,"Centre for Genomic Epidemiology, National Food Institute, Technical University of Denmark (DTU), Denmark","Escherichia coli","","","","","","","","PRJEB33169","ERP115939","","SAMEA5732372","ERS3535675","2021-01-22","2021-01-20","ESC_TA9478AA",NA,4580,"","",NA,148,29,5,18,9,351,14
"ESC_TA9479AA","12176-1IS","ERR3393340;ILLUMINA;Paired;300;ERX3417204;SRA","Livestock","Swine","Sus scrofa domesticus; caecal sample",2017,NA,NA,NA,"Europe","Romania","","","",NA,45.943161,24.966761,"Centre for Genomic Epidemiology, National Food Institute, Technical University of Denmark (DTU), Denmark","Escherichia coli","","","","","","","","PRJEB33169","ERP115939","","SAMEA5732371","ERS3535674","2021-01-22","2021-01-20","ESC_TA9479AA",NA,666,"ST446 Cplx","AxB1",NA,6,6,3,135,11,8,7
"ESC_TA9480AA","11901-2IL","ERR3393339;ILLUMINA;Paired;300;ERX3417203;SRA","Livestock","Swine","Sus scrofa domesticus; caecal sample",2017,NA,NA,NA,"Europe","Romania","","","",NA,45.943161,24.966761,"Centre for Genomic Epidemiology, National Food Institute, Technical University of Denmark (DTU), Denmark","Escherichia coli","","","","","","","","PRJEB33169","ERP115939","","SAMEA5732370","ERS3535673","2021-01-22","2021-01-20","ESC_TA9480AA",NA,11860,"ST101 Cplx","B1",NA,1283,41,15,18,11,7,6
"ESC_TA9481AA","11812-2IL","ERR3393338;ILLUMINA;Paired;300;ERX3417202;SRA","Livestock","Swine","Sus scrofa domesticus; caecal sample",2017,NA,NA,NA,"Europe","Romania","","","",NA,45.943161,24.966761,"Centre for Genomic Epidemiology, National Food Institute, Technical University of Denmark (DTU), Denmark","Escherichia coli","","","","","","","","PRJEB33169","ERP115939","","SAMEA5732369","ERS3535672","2021-01-22","2021-01-20","ESC_TA9481AA",NA,1079,"","AxB1",NA,6,19,14,16,11,12,2
"ESC_TA9482AA","10849-2GR","ERR3393337;ILLUMINA;Paired;300;ERX3417201;SRA","Livestock","Swine","Sus scrofa domesticus; caecal sample",2017,NA,NA,NA,"Europe","Romania","","","",NA,45.943161,24.966761,"Centre for Genomic Epidemiology, National Food Institute, Technical University of Denmark (DTU), Denmark","Escherichia coli","","","","","","","","PRJEB33169","ERP115939","","SAMEA5732368","ERS3535671","2021-01-22","2021-01-20","ESC_TA9482AA",NA,101,"ST101 Cplx","B1",NA,43,41,15,18,11,7,6
"ESC_UA5223AA","DTU2018-301-PRJ1121-Escherichia-coli-PR-IISPV-25979","ERR5443254;ILLUMINA;Paired;;ERX5227882;SRA","Poultry","Poultry","Gallus gallus; meat sample",2017,NA,NA,NA,"Europe","Romania","","","",NA,45.9852129,24.6859225,"Centre for Genomic Epidemiology, National Food Institute, Technical University of Denmark (DTU), Denmark","Escherichia coli","","","","","","","","PRJEB43584","ERP127552","","SAMEA8227317","ERS5913888","2021-03-20","2021-03-17","ESC_UA5223AA",NA,295,"ST23 Cplx","",NA,6,4,12,1,9,2,7
"ESC_UA5224AA","DTU2018-1337-PRJ1121-Escherichia-coli-PR-IISPV-23690-2_S17_L001","ERR5443253;ILLUMINA;Paired;;ERX5227881;SRA","Poultry","Poultry","Gallus gallus; meat sample",2016,NA,NA,NA,"Europe","Romania","","","",NA,45.9852129,24.6859225,"Centre for Genomic Epidemiology, National Food Institute, Technical University of Denmark (DTU), Denmark","Escherichia coli","","","","","","","","PRJEB43584","ERP127552","","SAMEA8227316","ERS5913887","2021-03-20","2021-03-17","ESC_UA5224AA",NA,10,"ST10 Cplx","A",NA,10,11,4,8,8,8,2
"ESC_UA5225AA","DTU2018-288-PRJ1121-Escherichia-coli-PR-11SPV-27770_S37_L001","ERR5443251;ILLUMINA;Paired;;ERX5227879;SRA","Poultry","Poultry","Gallus gallus; caecal sample",2016,NA,NA,NA,"Europe","Romania","","","",NA,45.9852129,24.6859225,"Centre for Genomic Epidemiology, National Food Institute, Technical University of Denmark (DTU), Denmark","Escherichia coli","","","","","","","","PRJEB43584","ERP127552","","SAMEA8227314","ERS5913885","2021-03-20","2021-03-17","ESC_UA5225AA",NA,354,"ST354 Cplx","",NA,85,88,78,29,59,58,62
"ESC_UA5226AA","DTU2018-549-PRJ1121-Escherichia-coli-13595-2IDSA_S2_L001","ERR5443248;ILLUMINA;Paired;;ERX5227876;SRA","Poultry","Poultry","Gallus gallus; caecal sample",2016,NA,NA,NA,"Europe","Romania","","","",NA,45.9852129,24.6859225,"Centre for Genomic Epidemiology, National Food Institute, Technical University of Denmark (DTU), Denmark","Escherichia coli","","","","","","","","PRJEB43584","ERP127552","","SAMEA8227311","ERS5913882","2021-03-20","2021-03-17","ESC_UA5226AA",NA,156,"ST156 Cplx","AxB1",NA,6,29,32,16,11,8,44
"ESC_UA5227AA","DTU2018-284-PRJ1121-Escherichia-coli-13055-2IDSA_S33_L001","ERR5443247;ILLUMINA;Paired;;ERX5227875;SRA","Poultry","Poultry","Gallus gallus; caecal sample",2016,NA,NA,NA,"Europe","Romania","","","",NA,45.9852129,24.6859225,"Centre for Genomic Epidemiology, National Food Institute, Technical University of Denmark (DTU), Denmark","Escherichia coli","","","","","","","","PRJEB43584","ERP127552","","SAMEA8227310","ERS5913881","2021-03-20","2021-03-17","ESC_UA5227AA",NA,997,"","",NA,83,23,155,170,133,1,2
"ESC_UA5228AA","DTU2018-289-PRJ1121-Escherichia-coli-12938-4PH_S38_L001","ERR5443246;ILLUMINA;Paired;;ERX5227874;SRA","Poultry","Poultry","Gallus gallus; caecal sample",2016,NA,NA,NA,"Europe","Romania","","","",NA,45.9852129,24.6859225,"Centre for Genomic Epidemiology, National Food Institute, Technical University of Denmark (DTU), Denmark","Escherichia coli","","","","","","","","PRJEB43584","ERP127552","","SAMEA8227309","ERS5913880","2021-03-20","2021-03-17","ESC_UA5228AA",NA,155,"ST155 Cplx","B1",NA,6,4,14,16,24,8,14
"ESC_UA5229AA","DTU2018-293-PRJ1121-Escherichia-coli-12761-1IDSA_S42_L001","ERR5443245;ILLUMINA;Paired;;ERX5227873;SRA","Poultry","Poultry","Gallus gallus; caecal sample",2016,NA,NA,NA,"Europe","Romania","","","",NA,45.9852129,24.6859225,"Centre for Genomic Epidemiology, National Food Institute, Technical University of Denmark (DTU), Denmark","Escherichia coli","","","","","","","","PRJEB43584","ERP127552","","SAMEA8227308","ERS5913879","2021-03-20","2021-03-17","ESC_UA5229AA",NA,359,"ST101 Cplx","",NA,43,41,15,90,11,8,6
"ESC_UA5230AA","DTU2018-292-PRJ1121-Escherichia-coli-12105-2IDSA_S41_L001","ERR5443244;ILLUMINA;Paired;;ERX5227872;SRA","Poultry","Poultry","Gallus gallus; caecal sample",2016,NA,NA,NA,"Europe","Romania","","","",NA,45.9852129,24.6859225,"Centre for Genomic Epidemiology, National Food Institute, Technical University of Denmark (DTU), Denmark","Escherichia coli","","","","","","","","PRJEB43584","ERP127552","","SAMEA8227307","ERS5913878","2021-03-20","2021-03-17","ESC_UA5230AA",NA,57,"ST350 Cplx","AxB1",NA,6,31,5,28,1,1,2
"ESC_UA5231AA","DTU2018-285-PRJ1121-Escherichia-coli-11940-2MS_S34_L001","ERR5443243;ILLUMINA;Paired;;ERX5227871;SRA","Poultry","Poultry","Meleagris gallopavo; caecal sample",2016,NA,NA,NA,"Europe","Romania","","","",NA,45.9852129,24.6859225,"Centre for Genomic Epidemiology, National Food Institute, Technical University of Denmark (DTU), Denmark","Escherichia coli","","","","","","","","PRJEB43584","ERP127552","","SAMEA8227306","ERS5913877","2021-03-20","2021-03-17","ESC_UA5231AA",NA,90,"ST23 Cplx","AxB1",NA,6,4,12,1,20,8,7
"ESC_UA5232AA","DTU2018-1380-PRJ1121-Escherichia-coli-11824-2BR_S31_L001","ERR5443242;ILLUMINA;Paired;;ERX5227870;SRA","Poultry","Poultry","Gallus gallus; caecal sample",2016,NA,NA,NA,"Europe","Romania","","","",NA,45.9852129,24.6859225,"Centre for Genomic Epidemiology, National Food Institute, Technical University of Denmark (DTU), Denmark","Escherichia coli","","","","","","","","PRJEB43584","ERP127552","","SAMEA8227305","ERS5913876","2021-03-20","2021-03-17","ESC_UA5232AA",NA,1011,"","",NA,6,4,159,44,112,1,17
"ESC_UA5233AA","DTU2018-287-PRJ1121-Escherichia-coli-116762-AB_S36_L001","ERR5443241;ILLUMINA;Paired;;ERX5227869;SRA","Poultry","Poultry","Gallus gallus; caecal sample",2016,NA,NA,NA,"Europe","Romania","","","",NA,45.9852129,24.6859225,"Centre for Genomic Epidemiology, National Food Institute, Technical University of Denmark (DTU), Denmark","Escherichia coli","","","","","","","","PRJEB43584","ERP127552","","SAMEA8227304","ERS5913875","2021-03-20","2021-03-17","ESC_UA5233AA",NA,295,"ST23 Cplx","",NA,6,4,12,1,9,2,7
"ESC_UA5234AA","DTU2018-286-PRJ1121-Escherichia-coli-11555-2AB_S35_L001","ERR5443240;ILLUMINA;Paired;;ERX5227868;SRA","Poultry","Poultry","Gallus gallus; caecal sample",2016,NA,NA,NA,"Europe","Romania","","","",NA,45.9852129,24.6859225,"Centre for Genomic Epidemiology, National Food Institute, Technical University of Denmark (DTU), Denmark","Escherichia coli","","","","","","","","PRJEB43584","ERP127552","","SAMEA8227303","ERS5913874","2021-03-20","2021-03-17","ESC_UA5234AA",NA,359,"ST101 Cplx","",NA,43,41,15,90,11,8,6
"ESC_UA5235AA","DTU2018-290-PRJ1121-Escherichia-coli-11524-4PH_S39_L001","ERR5443239;ILLUMINA;Paired;;ERX5227867;SRA","Poultry","Poultry","Gallus gallus; caecal sample",2016,NA,NA,NA,"Europe","Romania","","","",NA,45.9852129,24.6859225,"Centre for Genomic Epidemiology, National Food Institute, Technical University of Denmark (DTU), Denmark","Escherichia coli","","","","","","","","PRJEB43584","ERP127552","","SAMEA8227302","ERS5913873","2021-03-20","2021-03-17","ESC_UA5235AA",NA,4980,"","A",NA,410,153,188,83,7,8,6
"ESC_VA3024AA","AR_0114","traces-0xcwuUQ;ILLUMINA;Paired;;NA;Uploaded","Environment","Environment","",2019,5,14,NA,"Europe","Romania","Bucureti","Municipiul Bucureti","Bucharest",NA,44.442393188,26.102970753,"+40757059596","Escherichia coli","O89","H9","","Pathogen","ESBL CTX-M-1","","","","","ESBL CTX-M-79 CTX-M-14","","","2021-05-06","2021-05-06","ESC_VA3024AA",NA,617,"ST10 Cplx","",NA,10,11,4,8,8,13,73
"ESC_DB8933AA","492009","traces-0qIHYqK;ILLUMINA;Paired;;NA;Uploaded","","","",2021,NA,NA,NA,"Europe","Romania","","","",NA,NA,NA,"codrutausein@gmail.com","","","","","","UPEC","","","","","","","","2023-03-09","2023-03-09","ESC_DB8933AA",NA,10,"ST10 Cplx","A",NA,10,11,4,8,8,8,2
"ESC_DB8934AA","494912","traces-0zxGmuG;ILLUMINA;Paired;;NA;Uploaded","","","",2022,NA,NA,NA,"Europe","Romania","","","",NA,NA,NA,"codrutausein@gmail.com","","","","","","UPEC","","","","","","","","2023-03-09","2023-03-09","ESC_DB8934AA",NA,3205,"ST398 Cplx","",NA,274,7,1,1,8,8,6
"ESC_DB8935AA","492094","traces-0PLohmh;ILLUMINA;Paired;;NA;Uploaded","","","",2021,NA,NA,NA,"Europe","Romania","","","",NA,NA,NA,"codrutausein@gmail.com","","","","","","UPEC","","","","","","","","2023-03-09","2023-03-09","ESC_DB8935AA",NA,12491,"ST469 Cplx","",NA,6,95,15,18,9,8,6
"ESC_HB6631AA","541102_Ecoli_O26_H11","ERR12185760;ILLUMINA;Paired;600;ERX11596618;SRA,ERR12185761;ILLUMINA;Paired;600;ERX11596618;SRA","Human","Human","Homo sapiens; feces",2022,10,24,NA,"Europe","Romania","Bucharest","","Bucharest",NA,NA,NA,"Cantacuzino NIMMRD","Escherichia coli","","","","","","","","PRJEB37738","ERP121068","","SAMEA114565941","ERS16600484","2023-11-03","2023-11-02","ESC_HB6631AA",NA,15140,"ST29 Cplx","B1",NA,16,961,12,16,9,7,7
"ESC_HB6634AA","515846_Ecoli_O26_H11","ERR12185752;ILLUMINA;Paired;600;ERX11596614;SRA,ERR12185753;ILLUMINA;Paired;600;ERX11596614;SRA","Human","Human","Homo sapiens; feces",2022,4,16,NA,"Europe","Romania","","Buzu","",NA,NA,NA,"Cantacuzino NIMMRD","Escherichia coli","","","","","","","","PRJEB37738","ERP121068","","SAMEA114565937","ERS16600480","2023-11-03","2023-11-02","ESC_HB6634AA",NA,21,"ST29 Cplx","B1",NA,16,4,12,16,9,7,7
"ESC_HB6637AA","518844_Ecoli_O26_H11","ERR12185757;ILLUMINA;Paired;600;ERX11596616;SRA,ERR12185756;ILLUMINA;Paired;600;ERX11596616;SRA","Human","Human","Homo sapiens; feces",2022,5,1,NA,"Europe","Romania","Bucharest","","Bucharest",NA,NA,NA,"Cantacuzino NIMMRD","Escherichia coli","","","","","","","","PRJEB37738","ERP121068","","SAMEA114565939","ERS16600482","2023-11-03","2023-11-02","ESC_HB6637AA",NA,21,"ST29 Cplx","B1",NA,16,4,12,16,9,7,7
"ESC_HB6639AA","518600_Ecoli_O26_H11","ERR12185755;ILLUMINA;Paired;600;ERX11596615;SRA,ERR12185754;ILLUMINA;Paired;600;ERX11596615;SRA","Human","Human","Homo sapiens; feces",2022,5,11,NA,"Europe","Romania","Brasov","","",NA,NA,NA,"Cantacuzino NIMMRD","Escherichia coli","","","","","","","","PRJEB37738","ERP121068","","SAMEA114565938","ERS16600481","2023-11-03","2023-11-02","ESC_HB6639AA",NA,21,"ST29 Cplx","B1",NA,16,4,12,16,9,7,7
"ESC_HB6640AA","546771_Ecoli_O26_H11","ERR12185763;ILLUMINA;Paired;600;ERX11596619;SRA,ERR12185762;ILLUMINA;Paired;600;ERX11596619;SRA","Human","Human","Homo sapiens; feces",2023,2,20,NA,"Europe","Romania","Bucharest","","Bucharest",NA,NA,NA,"Cantacuzino NIMMRD","Escherichia coli","","","","","","","","PRJEB37738","ERP121068","","SAMEA114565942","ERS16600485","2023-11-03","2023-11-02","ESC_HB6640AA",NA,21,"ST29 Cplx","B1",NA,16,4,12,16,9,7,7
"ESC_HB6642AA","551038_Ecoli_O78_H4","ERR12185749;ILLUMINA;Paired;600;ERX11596612;SRA,ERR12185748;ILLUMINA;Paired;600;ERX11596612;SRA","Human","Human","Homo sapiens; feces",2023,4,21,NA,"Europe","Romania","","Buzu","",NA,NA,NA,"Cantacuzino NIMMRD","Escherichia coli","","","","","","","","PRJEB25277","ERP107178","","SAMEA114565935","ERS16600478","2023-11-03","2023-11-02","ESC_HB6642AA",NA,3101,"ST23 Cplx","",NA,6,279,12,1,273,12,7
"ESC_HB6646AA","520355_Ecoli_O26_H11","ERR12185758;ILLUMINA;Paired;600;ERX11596617;SRA,ERR12185759;ILLUMINA;Paired;600;ERX11596617;SRA","Human","Human","Homo sapiens; feces",2022,5,27,NA,"Europe","Romania","","Buzu","",NA,NA,NA,"Cantacuzino NIMMRD","Escherichia coli","","","","","","","","PRJEB37738","ERP121068","","SAMEA114565940","ERS16600483","2023-11-03","2023-11-02","ESC_HB6646AA",NA,21,"ST29 Cplx","B1",NA,16,4,12,16,9,7,7
"ESC_HB6648AA","553141_Ecoli_O26_H11","ERR12185766;ILLUMINA;Paired;600;ERX11596621;SRA,ERR12185767;ILLUMINA;Paired;600;ERX11596621;SRA","Human","Human","Homo sapiens; feces",2023,5,29,NA,"Europe","Romania","Bucharest","","Bucharest",NA,NA,NA,"Cantacuzino NIMMRD","Escherichia coli","","","","","","","","PRJEB37738","ERP121068","","SAMEA114565944","ERS16600487","2023-11-03","2023-11-02","ESC_HB6648AA",NA,21,"ST29 Cplx","B1",NA,16,4,12,16,9,7,7
"ESC_HB6651AA","539207_Ecoli_O113_H4","ERR12185719;ILLUMINA;Paired;600;ERX11596585;SRA,ERR12185718;ILLUMINA;Paired;600;ERX11596585;SRA","Human","Human","Homo sapiens; feces",2022,9,28,NA,"Europe","Romania","","Cluj","Cluj-Napoca",NA,NA,NA,"Cantacuzino NIMMRD","Escherichia coli","","","","","","","","PRJEB25277","ERP107178","","SAMEA114565932","ERS16600475","2023-11-03","2023-11-02","ESC_HB6651AA",NA,10,"ST10 Cplx","A",NA,10,11,4,8,8,8,2
"ESC_HB6654AA","549679_Ecoli_O26_H11","ERR12185764;ILLUMINA;Paired;600;ERX11596620;SRA,ERR12185765;ILLUMINA;Paired;600;ERX11596620;SRA","Human","Human","Homo sapiens; feces",2023,3,29,NA,"Europe","Romania","Bucharest","","Bucharest",NA,NA,NA,"Cantacuzino NIMMRD","Escherichia coli","","","","","","","","PRJEB37738","ERP121068","","SAMEA114565943","ERS16600486","2023-11-03","2023-11-02","ESC_HB6654AA",NA,21,"ST29 Cplx","B1",NA,16,4,12,16,9,7,7
"ESC_HB6676AA","540930_Ecoli_ONT_H10","ERR12185744;ILLUMINA;Paired;600;ERX11596610;SRA,ERR12185745;ILLUMINA;Paired;600;ERX11596610;SRA","Human","Human","Homo sapiens; feces",2022,10,25,NA,"Europe","Romania","Bucharest","","Bucharest",NA,NA,NA,"Cantacuzino NIMMRD","Escherichia coli","","","","","","","","PRJEB25277","ERP107178","","SAMEA114565933","ERS16600476","2023-11-03","2023-11-02","ESC_HB6676AA",NA,34,"ST10 Cplx","A",NA,10,11,4,1,8,8,2
"ESC_HB6685AA","548179_Ecoli_O9a_H10","ERR12185747;ILLUMINA;Paired;600;ERX11596611;SRA,ERR12185746;ILLUMINA;Paired;600;ERX11596611;SRA","Human","Human","Homo sapiens; feces",2023,3,6,NA,"Europe","Romania","","Buzu","",NA,NA,NA,"Cantacuzino NIMMRD","Escherichia coli","","","","","","","","PRJEB25277","ERP107178","","SAMEA114565934","ERS16600477","2023-11-03","2023-11-02","ESC_HB6685AA",NA,1791,"","B1",NA,1,4,44,9,11,8,7
"ESC_HB6790AA","554537_Ecoli_O128ac_H2","ERR12185751;ILLUMINA;Paired;600;ERX11596613;SRA,ERR12185750;ILLUMINA;Paired;600;ERX11596613;SRA","Human","Human","Homo sapiens; feces",2023,6,24,NA,"Europe","Romania","","Buzu","",NA,NA,NA,"Cantacuzino NIMMRD","Escherichia coli","","","","","","","","PRJEB25277","ERP107178","","SAMEA114565936","ERS16600479","2023-11-03","2023-11-02","ESC_HB6790AA",NA,25,"","B1",NA,6,6,14,21,9,7,7
"ESC_IB6989AA","562292_O100_H20","ERR12543982;ILLUMINA;Paired;600;ERX11918320;SRA,ERR12543981;ILLUMINA;Paired;600;ERX11918320;SRA","Human","Human","Homo sapiens; stool",NA,NA,NA,NA,"Europe","Romania","","","",NA,NA,NA,"Cantacuzino NIMMRD","Escherichia coli","","","","","","","","PRJEB37739","ERP121069","","SAMEA115162498","ERS17962907","2024-01-31","2024-01-31","ESC_IB6989AA",NA,2514,"ST10 Cplx","A",NA,10,11,1,1,8,8,2
"ESC_IB6991AA","560859_O26_H11","ERR12543979;ILLUMINA;Paired;600;ERX11918319;SRA,ERR12543980;ILLUMINA;Paired;600;ERX11918319;SRA","Human","Human","Homo sapiens; stool",NA,NA,NA,NA,"Europe","Romania","","","",NA,NA,NA,"Cantacuzino NIMMRD","Escherichia coli","","","","","","","","PRJEB37738","ERP121068","","SAMEA115162497","ERS17962712","2024-01-31","2024-01-31","ESC_IB6991AA",NA,21,"ST29 Cplx","B1",NA,16,4,12,16,9,7,7
"ESC_IB7045AA","560001_O157_H7","ERR12543978;ILLUMINA;Paired;600;ERX11918318;SRA,ERR12543977;ILLUMINA;Paired;600;ERX11918318;SRA","Human","Human","Homo sapiens; stool",NA,NA,NA,NA,"Europe","Romania","","","",NA,NA,NA,"Cantacuzino NIMMRD","Escherichia coli","","","","","","","","PRJEB25277","ERP107178","","SAMEA115162496","ERS17962619","2024-01-31","2024-01-31","ESC_IB7045AA",NA,1804,"ST11 Cplx","",NA,12,12,8,12,15,8,2
"ESC_MB1570AA","14242_2PH","ERR5414559;ILLUMINA;Paired;;ERX5199192;SRA","Poultry","Poultry","Gallus gallus; caecal sample",2018,NA,NA,NA,"Europe","Romania","","","",NA,45.943161,24.966761,"Centre for Genomic Epidemiology, National Food Institute, Technical University of Denmark (DTU), Denmark","Escherichia coli","","","","","","","","PRJEB43436","ERP127398","","SAMEA8196341","ERS5882952","2024-07-30","2024-07-29","ESC_MB1570AA",NA,359,"ST101 Cplx","",NA,43,41,15,90,11,8,6
"ESC_MB1577AA","13302_2PH","ERR5414554;ILLUMINA;Paired;;ERX5199187;SRA","Poultry","Poultry","Gallus gallus; caecal sample",2018,NA,NA,NA,"Europe","Romania","","","",NA,45.943161,24.966761,"Centre for Genomic Epidemiology, National Food Institute, Technical University of Denmark (DTU), Denmark","Escherichia coli","","","","","","","","PRJEB43436","ERP127398","","SAMEA8196336","ERS5882947","2024-07-30","2024-07-29","ESC_MB1577AA",NA,359,"ST101 Cplx","",NA,43,41,15,90,11,8,6
"ESC_MB1580AA","12931_2MS","ERR5414567;ILLUMINA;Paired;;ERX5199200;SRA","Poultry","Poultry","Meleagris gallopavo; caecal sample",2018,NA,NA,NA,"Europe","Romania","","","",NA,45.943161,24.966761,"Centre for Genomic Epidemiology, National Food Institute, Technical University of Denmark (DTU), Denmark","Escherichia coli","","","","","","","","PRJEB43436","ERP127398","","SAMEA8196349","ERS5882960","2024-07-30","2024-07-29","ESC_MB1580AA",NA,410,"ST23 Cplx","",NA,6,4,12,1,20,18,7
"ESC_MB1584AA","13033_2BR","ERR5414553;ILLUMINA;Paired;;ERX5199186;SRA","Poultry","Poultry","Gallus gallus; caecal sample",2018,NA,NA,NA,"Europe","Romania","","","",NA,45.943161,24.966761,"Centre for Genomic Epidemiology, National Food Institute, Technical University of Denmark (DTU), Denmark","Escherichia coli","","","","","","","","PRJEB43436","ERP127398","","SAMEA8196335","ERS5882946","2024-07-30","2024-07-29","ESC_MB1584AA",NA,117,"","ABD",NA,20,45,41,43,5,32,2
"ESC_MB1605AA","29809_PR_IISPV","ERR5414570;ILLUMINA;Paired;;ERX5199203;SRA","Poultry","Poultry","Gallus gallus; meat",2018,NA,NA,NA,"Europe","Romania","","","",NA,45.943161,24.966761,"Centre for Genomic Epidemiology, National Food Institute, Technical University of Denmark (DTU), Denmark","Escherichia coli","","","","","","","","PRJEB43436","ERP127398","","SAMEA8196352","ERS5882963","2024-07-30","2024-07-29","ESC_MB1605AA",NA,2040,"","AxB1",NA,6,29,22,18,11,8,41
"ESC_MB1609AA","13305_2PH","ERR5414555;ILLUMINA;Paired;;ERX5199188;SRA","Poultry","Poultry","Gallus gallus; caecal sample",2018,NA,NA,NA,"Europe","Romania","","","",NA,45.943161,24.966761,"Centre for Genomic Epidemiology, National Food Institute, Technical University of Denmark (DTU), Denmark","Escherichia coli","","","","","","","","PRJEB43436","ERP127398","","SAMEA8196337","ERS5882948","2024-07-30","2024-07-29","ESC_MB1609AA",NA,752,"ST10 Cplx","A",NA,10,11,4,8,8,8,49
"ESC_MB1615AA","28683_PR_IISPV","ERR5414572;ILLUMINA;Paired;;ERX5199205;SRA","Poultry","Poultry","Gallus gallus; meat",2018,NA,NA,NA,"Europe","Romania","","","",NA,45.943161,24.966761,"Centre for Genomic Epidemiology, National Food Institute, Technical University of Denmark (DTU), Denmark","Escherichia coli","","","","","","","","PRJEB43436","ERP127398","","SAMEA8196354","ERS5882965","2024-07-30","2024-07-29","ESC_MB1615AA",NA,1011,"","",NA,6,4,159,44,112,1,17
"ESC_MB1616AA","11371_2BR","ERR5414562;ILLUMINA;Paired;;ERX5199195;SRA","Poultry","Poultry","Gallus gallus; caecal sample",2018,NA,NA,NA,"Europe","Romania","","","",NA,45.943161,24.966761,"Centre for Genomic Epidemiology, National Food Institute, Technical University of Denmark (DTU), Denmark","Escherichia coli","","","","","","","","PRJEB43436","ERP127398","","SAMEA8196344","ERS5882955","2024-07-30","2024-07-29","ESC_MB1616AA",NA,1011,"","",NA,6,4,159,44,112,1,17
"ESC_MB1618AA","12354_2DB","ERR5414564;ILLUMINA;Paired;;ERX5199197;SRA","Poultry","Poultry","Gallus gallus; caecal sample",2018,NA,NA,NA,"Europe","Romania","","","",NA,45.943161,24.966761,"Centre for Genomic Epidemiology, National Food Institute, Technical University of Denmark (DTU), Denmark","Escherichia coli","","","","","","","","PRJEB43436","ERP127398","","SAMEA8196346","ERS5882957","2024-07-30","2024-07-29","ESC_MB1618AA",NA,155,"ST155 Cplx","B1",NA,6,4,14,16,24,8,14
"ESC_MB1673AA","17130_2IDSA","ERR5414560;ILLUMINA;Paired;;ERX5199193;SRA","Poultry","Poultry","Gallus gallus; caecal sample",2018,NA,NA,NA,"Europe","Romania","","","",NA,45.943161,24.966761,"Centre for Genomic Epidemiology, National Food Institute, Technical University of Denmark (DTU), Denmark","Escherichia coli","","","","","","","","PRJEB43436","ERP127398","","SAMEA8196342","ERS5882953","2024-07-30","2024-07-29","ESC_MB1673AA",NA,189,"ST165 Cplx","A",NA,10,27,5,10,12,8,49
"ESC_MB1692AA","29853_PR_IISPV","ERR5414569;ILLUMINA;Paired;;ERX5199202;SRA","Poultry","Poultry","Gallus gallus; meat",2018,NA,NA,NA,"Europe","Romania","","","",NA,45.943161,24.966761,"Centre for Genomic Epidemiology, National Food Institute, Technical University of Denmark (DTU), Denmark","Escherichia coli","","","","","","","","PRJEB43436","ERP127398","","SAMEA8196351","ERS5882962","2024-07-30","2024-07-29","ESC_MB1692AA",NA,16488,"","",NA,6,4,4,18,11,25,41
"ESC_MB1722AA","23169_PR_IISPV","ERR5414571;ILLUMINA;Paired;;ERX5199204;SRA","Poultry","Poultry","Gallus gallus; meat",2018,NA,NA,NA,"Europe","Romania","","","",NA,45.943161,24.966761,"Centre for Genomic Epidemiology, National Food Institute, Technical University of Denmark (DTU), Denmark","Escherichia coli","","","","","","","","PRJEB43436","ERP127398","","SAMEA8196353","ERS5882964","2024-07-30","2024-07-29","ESC_MB1722AA",NA,354,"ST354 Cplx","",NA,85,88,78,29,59,58,62
"ESC_MB1730AA","13245_2BR","ERR5414565;ILLUMINA;Paired;;ERX5199198;SRA","Poultry","Poultry","Gallus gallus; caecal sample",2018,NA,NA,NA,"Europe","Romania","","","",NA,45.943161,24.966761,"Centre for Genomic Epidemiology, National Food Institute, Technical University of Denmark (DTU), Denmark","Escherichia coli","","","","","","","","PRJEB43436","ERP127398","","SAMEA8196347","ERS5882958","2024-07-30","2024-07-29","ESC_MB1730AA",NA,93,"ST168 Cplx","A",NA,6,11,4,10,7,8,6
"ESC_MB1928AA","12355_2DB","ERR5414628;ILLUMINA;Paired;;ERX5199261;SRA","Poultry","Poultry","Gallus gallus; caecum sample",2018,NA,NA,NA,"Europe","Romania","","","",NA,45.943161,24.966761,"Centre for Genomic Epidemiology, National Food Institute, Technical University of Denmark (DTU), Denmark","Escherichia coli","","","","","","","","PRJEB43436","ERP127398","","SAMEA8196410","ERS5883021","2024-07-30","2024-07-29","ESC_MB1928AA",NA,38,"ST38 Cplx","D",NA,4,26,2,25,5,5,19
"ESC_MB2288AA","12216_2BZ","ERR5414551;ILLUMINA;Paired;;ERX5199184;SRA","Poultry","Poultry","Gallus gallus; caecal sample",2018,NA,NA,NA,"Europe","Romania","","","",NA,45.943161,24.966761,"Centre for Genomic Epidemiology, National Food Institute, Technical University of Denmark (DTU), Denmark","Escherichia coli","","","","","","","","PRJEB43436","ERP127398","","SAMEA8196333","ERS5882944","2024-07-31","2024-07-29","ESC_MB2288AA",NA,1196,"","AxB1",NA,6,6,33,26,11,8,2
"ESC_MB2297AA","13417_2BR","ERR5414557;ILLUMINA;Paired;;ERX5199190;SRA","Poultry","Poultry","Gallus gallus; caecal sample",2018,NA,NA,NA,"Europe","Romania","","","",NA,45.943161,24.966761,"Centre for Genomic Epidemiology, National Food Institute, Technical University of Denmark (DTU), Denmark","Escherichia coli","","","","","","","","PRJEB43436","ERP127398","","SAMEA8196339","ERS5882950","2024-07-31","2024-07-29","ESC_MB2297AA",NA,752,"ST10 Cplx","A",NA,10,11,4,8,8,8,49
